Date,Category,Amount,Income/Expense
2015-01-01,Transportation,10.0,Expense
2015-01-01,Transportation,20.0,Expense
2015-01-01,Food,200.0,Expense
2015-01-01,Transportation,30.0,Expense
2015-01-01,Transportation,142.0,Expense
2015-01-01,Transportation,20.0,Expense
2015-01-01,Entertainment,40.0,Expense
2015-01-01,Transportation,60.0,Expense
2015-01-01,Transportation,20.0,Expense
2015-01-01,Food,400.0,Expense
2015-01-01,Food,10.0,Expense
2015-01-02,Food,28.0,Expense
2015-01-02,Food,66.0,Expense
2015-01-02,Food,10.0,Expense
2015-01-02,Other,10000.0,Expense
2015-01-03,Other,223.0,Expense
2015-01-03,Food,49.0,Expense
2015-01-03,Food,350.0,Expense
2015-01-04,Food,35.0,Expense
2015-01-04,Food,20.0,Expense
2015-01-04,Food,175.0,Expense
2015-01-04,Other,10000.0,Expense
2015-01-05,Other,2250.0,Expense
2015-01-05,Food,135.0,Expense
2015-01-05,Other,333.0,Expense
2015-01-05,Other,2833.0,Expense
2015-01-06,Food,15.0,Expense
2015-01-06,Food,15.0,Expense
2015-01-07,Food,31.0,Expense
2015-01-08,Food,20.0,Expense
2015-01-09,Other,650.0,Expense
2015-01-09,Food,20.0,Expense
2015-01-10,Food,20.0,Expense
2015-01-10,Other,50.0,Expense
2015-01-10,Transportation,650.0,Expense
2015-01-10,Transportation,50.0,Expense
2015-01-11,Transportation,170.0,Expense
2015-01-11,Shopping,50.0,Expense
2015-01-12,Transportation,61.0,Expense
2015-01-12,Transportation,175.0,Expense
2015-01-13,Other,500.0,Expense
2015-01-13,Food,10.0,Expense
2015-01-14,Food,13.0,Expense
2015-01-14,Food,120.0,Expense
2015-01-14,Transportation,760.0,Expense
2015-01-15,Food,155.0,Expense
2015-01-15,Food,10.0,Expense
2015-01-15,Transportation,100.0,Expense
2015-01-16,Transportation,50.0,Expense
2015-01-16,Transportation,10.0,Expense
2015-01-16,Transportation,30.0,Expense
2015-01-18,Food,29.0,Expense
2015-01-18,Food,8.0,Expense
2015-01-18,Food,60.0,Expense
2015-01-19,Food,29.0,Expense
2015-01-20,Food,65.0,Expense
2015-01-21,Transportation,264.0,Expense
2015-01-21,Transportation,138.0,Expense
2015-01-21,Food,28.0,Expense
2015-01-21,Food,50.0,Expense
2015-01-21,Household,60.0,Expense
2015-01-21,Food,120.0,Expense
2015-01-21,Food,27.0,Expense
2015-01-22,Food,33.0,Expense
2015-01-22,Food,20.0,Expense
2015-01-24,Food,30.0,Expense
2015-01-25,Shopping,60.0,Expense
2015-01-26,Food,26.0,Expense
2015-01-26,Food,30.0,Expense
2015-01-26,Food,311.0,Expense
2015-01-27,Food,15.0,Expense
2015-01-27,Food,30.0,Expense
2015-01-29,Food,26.0,Expense
2015-01-29,Food,15.0,Expense
2015-01-29,Food,38.0,Expense
2015-01-30,Transportation,100.0,Expense
2015-01-30,Food,1004.0,Expense
2015-01-31,Food,40.0,Expense
2015-01-31,Food,20.0,Expense
2015-02-01,Household,784.0,Expense
2015-02-01,Food,26.0,Expense
2015-02-01,Shopping,248.0,Expense
2015-02-02,Food,26.0,Expense
2015-02-02,Other,10000.0,Expense
2015-02-02,Food,30.0,Expense
2015-02-03,Other,50.0,Expense
2015-02-03,Food,27.0,Expense
2015-02-03,Other,100.0,Expense
2015-02-03,Food,107.0,Expense
2015-02-03,Food,10.0,Expense
2015-02-03,Food,70.0,Expense
2015-02-04,Food,1178.0,Expense
2015-02-04,Food,30.0,Expense
2015-02-04,Food,26.0,Expense
2015-02-05,Food,375.0,Expense
2015-02-05,Food,21.0,Expense
2015-02-05,Food,40.0,Expense
2015-02-07,Food,6.0,Expense
2015-02-08,Food,30.0,Expense
2015-02-08,Other,3400.0,Expense
2015-02-08,Other,371.0,Expense
2015-02-08,Food,86.0,Expense
2015-02-09,Food,35.0,Expense
2015-02-09,Transportation,176.0,Expense
2015-02-09,Food,150.0,Expense
2015-02-10,Food,6.0,Expense
2015-02-10,Food,60.0,Expense
2015-02-10,Food,18.0,Expense
2015-02-11,Food,26.0,Expense
2015-02-11,Food,54.0,Expense
2015-02-12,Food,10.0,Expense
2015-02-12,Food,12.0,Expense
2015-02-12,Food,10.0,Expense
2015-02-13,Food,27.0,Expense
2015-02-13,Food,21.0,Expense
2015-02-15,Food,20.0,Expense
2015-02-15,Household,250.0,Expense
2015-02-15,Other,500.0,Expense
2015-02-15,Food,20.0,Expense
2015-02-15,Food,15.0,Expense
2015-02-15,Transportation,34.0,Expense
2015-02-15,Transportation,15.0,Expense
2015-02-16,Transportation,30.0,Expense
2015-02-16,Food,249.0,Expense
2015-02-17,Food,227.0,Expense
2015-02-19,Health,45.0,Expense
2015-02-19,Health,34.0,Expense
2015-02-19,Food,60.0,Expense
2015-02-23,Other,4118.0,Expense
2015-02-23,Transportation,526.0,Expense
2015-02-23,Shopping,20.0,Expense
2015-02-23,Transportation,20.0,Expense
2015-02-23,Transportation,20.0,Expense
2015-02-24,Food,10.0,Expense
2015-02-24,Transportation,66.0,Expense
2015-02-24,Food,160.0,Expense
2015-02-26,Transportation,60.0,Expense
2015-02-26,Food,26.0,Expense
2015-02-26,Food,6.0,Expense
2015-02-26,Food,30.0,Expense
2015-02-28,Food,26.0,Expense
2015-02-28,Food,55.0,Expense
2015-02-28,Salary,49806.0,Income
2015-02-28,Food,20.0,Expense
2015-03-01,Food,80.0,Expense
2015-03-01,Food,20.0,Expense
2015-03-01,Food,6.0,Expense
2015-03-01,Food,88.0,Expense
2015-03-02,Food,40.0,Expense
2015-03-02,Transportation,10.0,Expense
2015-03-02,Food,25.0,Expense
2015-03-02,Health,300.0,Expense
2015-03-02,Health,226.0,Expense
2015-03-02,Rent,2833.0,Expense
2015-03-02,Food,30.0,Expense
2015-03-03,Health,3000.0,Expense
2015-03-03,Household,333.0,Expense
2015-03-03,Household,1667.0,Expense
2015-03-03,Utilities,17.0,Expense
2015-03-03,Utilities,108.0,Expense
2015-03-03,Health,82.0,Expense
2015-03-04,Food,25.0,Expense
2015-03-05,Shopping,40.0,Expense
2015-03-06,Transportation,10.0,Expense
2015-03-06,Food,25.0,Expense
2015-03-06,Transportation,10.0,Expense
2015-03-09,Other,6.0,Expense
2015-03-09,Other,129.0,Expense
2015-03-10,Transportation,20.0,Expense
2015-03-10,Transportation,10.0,Expense
2015-03-10,Transportation,20.0,Expense
2015-03-10,Transportation,11.8,Expense
2015-03-10,Transportation,11.8,Expense
2015-03-11,Food,8.0,Expense
2015-03-12,Food,30.0,Expense
2015-03-12,Health,1900.0,Expense
2015-03-13,Transportation,10.0,Expense
2015-03-14,Food,26.0,Expense
2015-03-14,Shopping,40.0,Expense
2015-03-15,Shopping,30.0,Expense
2015-03-15,Food,36.0,Expense
2015-03-15,Other,5.0,Expense
2015-03-16,Food,20.0,Expense
2015-03-16,Health,1000.0,Expense
2015-03-17,Other,450.0,Expense
2015-03-18,Food,53.0,Expense
2015-03-18,Food,25.0,Expense
2015-03-18,Food,26.0,Expense
2015-03-18,Food,20.0,Expense
2015-03-19,Household,50.0,Expense
2015-03-20,Shopping,100.0,Expense
2015-03-20,Health,3700.0,Expense
2015-03-23,Utilities,20.0,Expense
2015-03-23,Food,433.8,Expense
2015-03-24,Food,26.0,Expense
2015-03-25,Utilities,20.0,Expense
2015-03-29,Food,150.0,Expense
2015-03-29,Health,269.0,Expense
2015-03-31,Salary,70806.0,Income
2015-04-01,Food,50.0,Expense
2015-04-02,Household,5000.0,Expense
2015-04-04,Food,889.0,Expense
2015-04-04,Utilities,50.0,Expense
2015-04-04,Food,287.0,Expense
2015-04-04,Other,300.0,Expense
2015-04-08,Food,156.0,Expense
2015-04-10,Food,699.0,Expense
2015-04-14,Other,500.0,Expense
2015-04-18,Other,180.0,Expense
2015-04-18,Food,324.0,Expense
2015-04-23,Food,56.0,Expense
2015-04-24,Food,420.0,Expense
2015-04-26,Other,59.0,Expense
2015-04-26,Food,110.0,Expense
2015-04-26,Food,114.0,Expense
2015-04-28,Food,28.0,Expense
2015-04-28,Salary,49306.0,Income
2015-05-01,Food,20.0,Expense
2015-05-02,Food,28.0,Expense
2015-05-03,Food,1178.0,Expense
2015-05-03,Household,5000.0,Expense
2015-05-05,Food,26.0,Expense
2015-05-05,Food,100.0,Expense
2015-05-06,Health,70.0,Expense
2015-05-08,Food,26.0,Expense
2015-05-09,Food,20.0,Expense
2015-05-09,Food,52.0,Expense
2015-05-09,Health,290.0,Expense
2015-05-10,Household,160.0,Expense
2015-05-11,Food,26.0,Expense
2015-05-11,Food,20.0,Expense
2015-05-12,Food,26.0,Expense
2015-05-13,Food,26.0,Expense
2015-05-13,Health,250.0,Expense
2015-05-14,Other,1450.0,Expense
2015-05-15,Food,26.0,Expense
2015-05-16,Food,26.0,Expense
2015-05-16,Food,20.0,Expense
2015-05-16,Other,607.0,Expense
2015-05-17,Transportation,6000.0,Expense
2015-05-31,Salary,47859.0,Income
2015-05-31,Household,2671.0,Expense
2015-06-01,Rent,2543.0,Expense
2015-06-01,Household,776.0,Expense
2015-06-10,Other,50.0,Expense
2015-06-23,Other,999.0,Expense
2015-06-29,Other,199.0,Expense
2015-06-30,Salary,47859.0,Income
2015-07-01,Rent,2833.0,Expense
2015-07-01,Household,333.0,Expense
2015-07-02,Other,312.0,Expense
2015-07-09,Other,459.0,Expense
2015-07-19,Other,2599.0,Expense
2015-07-29,Other,199.0,Expense
2015-07-31,Salary,47859.0,Income
2015-08-02,Rent,2500.0,Expense
2015-08-03,Household,333.0,Expense
2015-08-13,Other,1450.0,Expense
2015-08-14,Household,3499.0,Expense
2015-08-28,Other,199.0,Expense
2015-08-30,Other,72.0,Expense
2015-08-31,Other,287.0,Expense
2015-08-31,Salary,49806.0,Income
2015-09-04,Other,4800.0,Income
2015-09-11,Food,379.0,Expense
2015-09-21,Other,2099.0,Expense
2015-09-26,Other,30.0,Expense
2015-09-27,Other,199.0,Expense
2015-09-28,Health,120.0,Expense
2015-09-28,Health,300.0,Expense
2015-09-28,Other,350.0,Expense
2015-09-30,Other,100.0,Expense
2015-09-30,Salary,49806.0,Income
2015-10-02,Food,420.0,Expense
2015-10-07,Other,8029.0,Expense
2015-10-18,Transportation,803.0,Expense
2015-10-18,Shopping,1479.0,Expense
2015-10-21,Other,500.0,Expense
2015-10-22,Other,251.0,Expense
2015-10-23,Other,40.0,Expense
2015-10-23,Transportation,20.0,Expense
2015-10-24,Household,100.0,Expense
2015-10-25,Household,240.0,Expense
2015-10-27,Other,199.0,Expense
2015-10-28,Other,1000.0,Expense
2015-10-28,Transportation,660.0,Expense
2015-10-29,Transportation,665.0,Expense
2015-10-30,Shopping,50.0,Expense
2015-10-30,Transportation,30.0,Expense
2015-10-31,Transportation,180.0,Expense
2015-10-31,Health,150.0,Expense
2015-10-31,Food,250.0,Expense
2015-10-31,Salary,49806.0,Income
2015-10-31,Food,10.0,Expense
2015-10-31,Transportation,71.0,Expense
2015-10-31,Food,70.0,Expense
2015-11-01,Transportation,70.0,Expense
2015-11-03,Transportation,40.0,Expense
2015-11-05,Food,84.0,Expense
2015-11-07,Other,251.0,Expense
2015-11-12,Food,25.0,Expense
2015-11-14,Other,310.0,Expense
2015-11-15,Other,1500.0,Income
2015-11-21,Other,251.0,Expense
2015-11-21,Food,84.0,Expense
2015-11-26,Other,199.0,Expense
2015-11-27,Food,25.0,Expense
2015-11-29,Transportation,50.0,Expense
2015-11-29,Transportation,30.0,Expense
2015-11-29,Transportation,40.0,Expense
2015-11-30,Salary,49806.0,Income
2015-12-01,Other,1024.0,Expense
2015-12-01,Food,84.0,Expense
2015-12-01,Shopping,773.0,Expense
2015-12-02,Shopping,325.0,Expense
2015-12-05,Food,90.0,Expense
2015-12-05,Other,200.0,Expense
2015-12-08,Other,28.0,Expense
2015-12-11,Transportation,100.0,Expense
2015-12-12,Transportation,50.0,Expense
2015-12-19,Health,235.0,Expense
2015-12-19,Health,220.0,Expense
2015-12-19,Food,80.0,Expense
2015-12-20,Other,465.0,Expense
2015-12-21,Other,169.0,Expense
2015-12-25,Household,50.0,Expense
2015-12-25,Shopping,270.0,Expense
2015-12-26,Other,199.0,Expense
2015-12-26,Other,28.0,Expense
2015-12-30,Food,100.0,Expense
2015-12-30,Shopping,2000.0,Expense
2015-12-31,Food,540.0,Expense
2015-12-31,Salary,77335.0,Income
2016-01-01,Food,192.0,Expense
2016-01-01,Food,35.0,Expense
2016-01-05,Transportation,30.0,Expense
2016-01-05,Food,350.0,Expense
2016-01-08,Other,1994.0,Expense
2016-01-09,Subscriptions,251.0,Expense
2016-01-10,Household,15.0,Expense
2016-01-12,Shopping,200.0,Expense
2016-01-13,Other,45000.0,Income
2016-01-22,Subscriptions,169.0,Expense
2016-01-26,Subscriptions,199.0,Expense
2016-01-31,Salary,49806.0,Income
2016-02-07,Food,160.0,Expense
2016-02-08,Subscriptions,251.0,Expense
2016-02-13,Health,80.0,Expense
2016-02-13,Transportation,40.0,Expense
2016-02-14,Food,165.0,Expense
2016-02-20,Food,85.0,Expense
2016-02-22,Subscriptions,169.0,Expense
2016-02-22,Food,40.0,Expense
2016-02-24,Subscriptions,199.0,Expense
2016-02-26,Salary,49806.0,Income
2016-02-27,Food,50.0,Expense
2016-02-27,Other,250.0,Expense
2016-02-27,Subscriptions,251.0,Expense
2016-02-28,Other,11.0,Expense
2016-02-28,Food,100.0,Expense
2016-02-28,Shopping,100.0,Expense
2016-02-28,Food,70.0,Expense
2016-03-06,Subscriptions,251.0,Expense
2016-03-11,Other,250.0,Expense
2016-03-11,Education,20.0,Expense
2016-03-11,Food,60.0,Expense
2016-03-15,Subscriptions,251.0,Expense
2016-03-16,Other,80.0,Expense
2016-03-20,Other,5.0,Expense
2016-03-20,Food,35.0,Expense
2016-03-21,Subscriptions,251.0,Expense
2016-03-22,Subscriptions,169.0,Expense
2016-03-28,Other,159.0,Expense
2016-03-29,Other,100.0,Expense
2016-03-31,Salary,70806.0,Income
2016-04-02,Other,30.0,Expense
2016-04-02,Transportation,50.0,Expense
2016-04-02,Food,20.0,Expense
2016-04-02,Subscriptions,251.0,Expense
2016-04-03,Subscriptions,300.0,Expense
2016-04-11,Subscriptions,251.0,Expense
2016-04-11,Food,1279.0,Expense
2016-04-15,Subscriptions,251.0,Expense
2016-04-16,Household,50.0,Expense
2016-04-20,Subscriptions,251.0,Expense
2016-04-24,Subscriptions,169.0,Expense
2016-04-26,Food,259.0,Expense
2016-04-28,Subscriptions,299.0,Expense
2016-04-30,Salary,51562.45,Income
2016-05-02,Other,25.0,Expense
2016-05-03,Subscriptions,251.0,Expense
2016-05-06,Subscriptions,251.0,Expense
2016-05-16,Subscriptions,251.0,Expense
2016-05-17,Other,100.0,Expense
2016-05-19,Food,180.0,Expense
2016-05-22,Shopping,120.0,Expense
2016-05-22,Transportation,40.0,Expense
2016-05-29,Food,504.0,Expense
2016-05-30,Subscriptions,251.0,Expense
2016-05-31,Transportation,50.0,Expense
2016-05-31,Salary,51556.0,Income
2016-06-01,Food,25.0,Expense
2016-06-05,Food,68.0,Expense
2016-06-12,Subscriptions,251.0,Expense
2016-06-12,Food,84.0,Expense
2016-06-18,Other,38.0,Expense
2016-06-19,Food,600.0,Expense
2016-06-19,Household,905.0,Expense
2016-06-20,Food,140.0,Expense
2016-06-22,Subscriptions,350.0,Expense
2016-06-23,Subscriptions,995.0,Expense
2016-06-27,Subscriptions,251.0,Expense
2016-06-27,Transportation,3200.0,Expense
2016-06-30,Other,106.9,Expense
2016-06-30,Salary,51544.0,Income
2016-07-01,Household,2599.0,Expense
2016-07-04,Subscriptions,251.0,Expense
2016-07-05,Subscriptions,251.0,Expense
2016-07-13,Health,10.0,Expense
2016-07-20,Subscriptions,2599.0,Expense
2016-07-21,Subscriptions,251.0,Expense
2016-07-25,Subscriptions,251.0,Expense
2016-07-31,Other,250.0,Expense
2016-07-31,Salary,51556.0,Income
2016-08-04,Household,260.0,Expense
2016-08-07,Household,750.0,Expense
2016-08-09,Subscriptions,251.0,Expense
2016-08-14,Shopping,100.0,Expense
2016-08-14,Other,5.0,Expense
2016-08-18,Subscriptions,251.0,Expense
2016-08-21,Other,100.0,Expense
2016-08-22,Entertainment,500.0,Expense
2016-08-23,Household,2000.0,Expense
2016-08-24,Entertainment,500.0,Expense
2016-08-29,Household,98.0,Expense
2016-08-29,Household,40.0,Expense
2016-08-29,Entertainment,361.0,Expense
2016-08-31,Salary,63894.0,Income
2016-09-01,Subscriptions,251.0,Expense
2016-09-01,Transportation,750.0,Expense
2016-09-06,Transportation,598.5,Expense
2016-09-07,Food,72.0,Expense
2016-09-08,Food,30.0,Expense
2016-09-08,Subscriptions,251.0,Expense
2016-09-08,Food,20.0,Expense
2016-09-09,Food,70.0,Expense
2016-09-11,Food,70.0,Expense
2016-09-11,Food,35.0,Expense
2016-09-11,Transportation,20.0,Expense
2016-09-12,Food,20.0,Expense
2016-09-12,Food,35.0,Expense
2016-09-12,Food,35.0,Expense
2016-09-13,Food,845.0,Expense
2016-09-13,Food,70.0,Expense
2016-09-14,Household,437.0,Expense
2016-09-14,Subscriptions,251.0,Expense
2016-09-15,Food,95.0,Expense
2016-09-19,Food,33.0,Expense
2016-09-28,Other,32.0,Expense
2016-09-30,Salary,58058.0,Income
2016-10-01,Entertainment,200.0,Expense
2016-10-07,Subscriptions,199.0,Expense
2016-10-08,Shopping,174.0,Expense
2016-10-09,Transportation,80.0,Expense
2016-10-09,Health,40.0,Expense
2016-10-09,Household,249.0,Expense
2016-10-09,Food,90.0,Expense
2016-10-10,Food,100.0,Expense
2016-10-12,Food,150.0,Expense
2016-10-13,Household,249.0,Expense
2016-10-14,Food,120.0,Expense
2016-10-15,Food,430.0,Expense
2016-10-17,Food,215.0,Expense
2016-10-22,Food,20.0,Expense
2016-10-22,Food,35.0,Expense
2016-10-24,Food,320.0,Expense
2016-10-25,Food,25.0,Expense
2016-10-26,Health,617.0,Expense
2016-10-27,Food,170.0,Expense
2016-10-27,Subscriptions,251.0,Expense
2016-10-27,Food,25.0,Expense
2016-10-27,Household,1119.2,Expense
2016-10-28,Transportation,40.0,Expense
2016-10-28,Health,221.0,Expense
2016-10-30,Salary,56647.0,Income
2016-10-31,Entertainment,1999.0,Expense
2016-11-01,Food,50.0,Expense
2016-11-01,Entertainment,450.0,Expense
2016-11-02,Shopping,80.0,Expense
2016-11-03,Food,240.0,Expense
2016-11-03,Other,470.0,Expense
2016-11-03,Other,1500.0,Income
2016-11-03,Health,700.0,Expense
2016-11-04,Entertainment,50.0,Expense
2016-11-05,Transportation,30.0,Expense
2016-11-07,Food,45.0,Expense
2016-11-08,Subscriptions,199.0,Expense
2016-11-09,Other,10.0,Expense
2016-11-10,Transportation,40.0,Expense
2016-11-12,Health,55.0,Expense
2016-11-12,Food,10.0,Expense
2016-11-14,Transportation,4662.0,Expense
2016-11-14,Transportation,1800.0,Expense
2016-11-15,Food,20.0,Expense
2016-11-15,Other,10.0,Expense
2016-11-15,Food,180.0,Expense
2016-11-17,Food,10.0,Expense
2016-11-19,Transportation,338.0,Expense
2016-11-19,Transportation,100.0,Expense
2016-11-19,Other,740.0,Expense
2016-11-19,Transportation,80.0,Expense
2016-11-19,Transportation,100.0,Expense
2016-11-19,Transportation,54.0,Expense
2016-11-19,Transportation,40.0,Expense
2016-11-19,Food,40.0,Expense
2016-11-19,Transportation,94.0,Expense
2016-11-19,Transportation,40.0,Expense
2016-11-19,Other,100.0,Expense
2016-11-19,Food,40.0,Expense
2016-11-19,Transportation,50.0,Expense
2016-11-19,Food,1087.0,Expense
2016-11-19,Food,2.0,Expense
2016-11-20,Transportation,50.0,Expense
2016-11-21,Health,15.0,Expense
2016-11-21,Transportation,70.0,Expense
2016-11-21,Transportation,50.0,Expense
2016-11-25,Subscriptions,251.0,Expense
2016-11-25,Other,5.0,Income
2016-11-28,Household,20500.0,Expense
2016-11-28,Food,20.0,Expense
2016-11-28,Other,8.0,Expense
2016-11-29,Household,60.0,Expense
2016-11-30,Household,500.0,Expense
2016-11-30,Salary,56586.0,Income
2016-11-30,Subscriptions,98.0,Expense
2016-11-30,Subscriptions,251.0,Expense
2016-11-30,Other,5.0,Income
2016-12-03,Food,20.0,Expense
2016-12-03,Food,55.0,Expense
2016-12-04,Food,25.0,Expense
2016-12-04,Food,50.0,Expense
2016-12-04,Food,45.0,Expense
2016-12-04,Food,15.0,Expense
2016-12-04,Food,20.0,Expense
2016-12-04,Food,30.0,Expense
2016-12-04,Food,8.0,Expense
2016-12-04,Food,10.0,Expense
2016-12-04,Food,25.0,Expense
2016-12-04,Food,90.0,Expense
2016-12-05,Household,155.0,Expense
2016-12-08,Other,199.0,Expense
2016-12-08,Food,30.0,Expense
2016-12-09,Subscriptions,301.0,Expense
2016-12-10,Food,30.0,Expense
2016-12-11,Health,200.0,Expense
2016-12-11,Other,45.0,Expense
2016-12-11,Health,257.0,Expense
2016-12-13,Household,25.0,Expense
2016-12-13,Other,35.0,Expense
2016-12-13,Other,350.0,Expense
2016-12-14,Food,200.0,Expense
2016-12-17,Subscriptions,301.0,Expense
2016-12-17,Other,11.0,Income
2016-12-18,Household,2000.0,Expense
2016-12-18,Other,5.0,Income
2016-12-19,Food,170.0,Expense
2016-12-19,Food,29.0,Expense
2016-12-19,Household,49.0,Expense
2016-12-19,Food,30.0,Expense
2016-12-21,Transportation,251.8,Expense
2016-12-21,Household,1874.0,Expense
2016-12-21,Transportation,1900.0,Expense
2016-12-22,Transportation,11.8,Expense
2016-12-22,Other,285.0,Expense
2016-12-25,Subscriptions,301.0,Expense
2016-12-28,Other,1780.0,Expense
2016-12-28,Food,10.0,Expense
2016-12-29,Food,10.0,Expense
2016-12-29,Other,25.0,Expense
2016-12-29,Subscriptions,214.0,Expense
2016-12-29,Transportation,403.0,Expense
2016-12-29,Other,3195.0,Expense
2016-12-29,Food,14.0,Expense
2016-12-30,Transportation,100.0,Expense
2016-12-31,Salary,56574.0,Income
2016-12-31,Food,25.0,Expense
2016-12-31,Food,375.0,Expense
2016-12-31,Other,1096.0,Expense
2016-12-31,Food,77.0,Expense
2016-12-31,Food,170.0,Expense
2016-12-31,Subscriptions,2816.0,Expense
2016-12-31,Health,24.0,Expense
2016-12-31,Food,160.0,Expense
2017-01-01,Household,50.0,Expense
2017-01-01,Health,300.0,Expense
2017-01-01,Food,40.0,Expense
2017-01-01,Food,510.0,Expense
2017-01-01,Health,354.0,Expense
2017-01-01,Food,340.0,Expense
2017-01-02,Transportation,60.0,Expense
2017-01-02,Household,110.0,Expense
2017-01-02,Food,386.0,Expense
2017-01-03,Subscriptions,2816.92,Expense
2017-01-03,Food,70.0,Expense
2017-01-03,Transportation,30.0,Expense
2017-01-03,Transportation,20.0,Expense
2017-01-03,Entertainment,400.0,Expense
2017-01-03,Food,20.0,Expense
2017-01-03,Food,50.0,Expense
2017-01-03,Food,310.0,Expense
2017-01-03,Food,31.0,Expense
2017-01-03,Food,140.0,Expense
2017-01-03,Food,330.0,Expense
2017-01-04,Food,40.0,Expense
2017-01-05,Subscriptions,301.0,Expense
2017-01-05,Food,31.0,Expense
2017-01-05,Household,100.0,Expense
2017-01-06,Food,294.0,Expense
2017-01-06,Transportation,1396.5,Expense
2017-01-06,Food,48.0,Expense
2017-01-06,Household,200.0,Expense
2017-01-06,Food,31.0,Expense
2017-01-07,Food,175.0,Expense
2017-01-07,Transportation,50.0,Expense
2017-01-08,Transportation,50.0,Expense
2017-01-08,Subscriptions,149.0,Expense
2017-01-09,Shopping,80.0,Expense
2017-01-09,Food,99.0,Expense
2017-01-10,Food,160.0,Expense
2017-01-11,Health,90.0,Expense
2017-01-11,Food,45.0,Expense
2017-01-15,Food,540.0,Expense
2017-01-15,Food,140.0,Expense
2017-01-16,Transportation,40.0,Expense
2017-01-16,Other,50.0,Expense
2017-01-16,Household,2400.0,Expense
2017-01-19,Household,145.0,Expense
2017-01-19,Food,20.0,Expense
2017-01-20,Subscriptions,301.0,Expense
2017-01-21,Subscriptions,149.0,Expense
2017-01-22,Household,2000.0,Expense
2017-01-22,Food,410.0,Expense
2017-01-23,Other,649.0,Expense
2017-01-23,Subscriptions,181.0,Expense
2017-01-29,Transportation,30.0,Expense
2017-01-29,Transportation,510.0,Expense
2017-01-29,Transportation,30.0,Expense
2017-01-29,Food,35.0,Expense
2017-01-29,Food,35.0,Expense
2017-01-29,Food,30.0,Expense
2017-01-29,Food,60.0,Expense
2017-01-29,Food,250.0,Expense
2017-01-30,Food,35.0,Expense
2017-01-30,Food,15.0,Expense
2017-01-31,Salary,63101.0,Income
2017-01-31,Food,35.0,Expense
2017-02-01,Subscriptions,301.0,Expense
2017-02-01,Food,33.0,Expense
2017-02-02,Subscriptions,301.0,Expense
2017-02-02,Food,1160.0,Expense
2017-02-03,Food,12.0,Expense
2017-02-03,Food,50.0,Expense
2017-02-03,Food,10.0,Expense
2017-02-03,Food,412.25,Expense
2017-02-03,Health,8.0,Expense
2017-02-03,Subscriptions,2700.1,Expense
2017-02-04,Food,30.0,Expense
2017-02-04,Food,53.0,Expense
2017-02-04,Food,60.0,Expense
2017-02-04,Shopping,38.0,Expense
2017-02-05,Transportation,40.0,Expense
2017-02-05,Transportation,330.0,Expense
2017-02-05,Food,10.0,Expense
2017-02-06,Food,195.0,Expense
2017-02-06,Food,110.0,Expense
2017-02-06,Food,140.0,Expense
2017-02-06,Food,30.0,Expense
2017-02-08,Other,1499.0,Expense
2017-02-11,Other,75.0,Expense
2017-02-11,Household,1000.0,Expense
2017-02-11,Food,10.0,Expense
2017-02-12,Other,850.0,Expense
2017-02-13,Subscriptions,301.0,Expense
2017-02-16,Other,400.0,Expense
2017-02-18,Household,500.0,Expense
2017-02-18,Subscriptions,301.0,Expense
2017-02-19,Education,25.0,Expense
2017-02-19,Food,30.0,Expense
2017-02-19,Shopping,498.0,Expense
2017-02-21,Food,10.0,Expense
2017-02-22,Education,30.0,Expense
2017-02-22,Transportation,5500.0,Expense
2017-02-23,Food,80.0,Expense
2017-02-24,Food,100.0,Expense
2017-02-24,Food,30.0,Expense
2017-02-24,Food,75.0,Expense
2017-02-25,Household,8500.0,Expense
2017-02-25,Household,1600.0,Expense
2017-02-25,Household,920.0,Expense
2017-02-25,Food,318.0,Expense
2017-02-25,Subscriptions,100.0,Expense
2017-02-25,Food,247.0,Expense
2017-02-26,Transportation,20.0,Expense
2017-02-26,Transportation,30.0,Expense
2017-02-26,Household,360.0,Expense
2017-02-26,Food,58.0,Expense
2017-02-26,Household,846.0,Expense
2017-02-27,Transportation,40.0,Expense
2017-02-27,Transportation,30.0,Expense
2017-02-27,Transportation,30.0,Expense
2017-02-27,Food,76.0,Expense
2017-02-27,Household,55.0,Expense
2017-02-27,Food,88.0,Expense
2017-02-28,Transportation,40.0,Expense
2017-02-28,Transportation,12.0,Expense
2017-02-28,Transportation,80.0,Expense
2017-02-28,Transportation,57.0,Expense
2017-02-28,Food,2421.0,Expense
2017-02-28,Transportation,20.0,Expense
2017-02-28,Transportation,10.0,Expense
2017-02-28,Food,10.0,Expense
2017-02-28,Transportation,30.0,Expense
2017-02-28,Food,85.0,Expense
2017-02-28,Salary,56021.0,Income
2017-02-28,Transportation,40.0,Expense
2017-02-28,Food,30.0,Expense
2017-02-28,Other,400.0,Expense
2017-02-28,Transportation,30.0,Expense
2017-03-01,Household,50.0,Expense
2017-03-03,Food,148.0,Expense
2017-03-04,Food,20.0,Expense
2017-03-05,Transportation,30.0,Expense
2017-03-05,Transportation,20.0,Expense
2017-03-05,Food,30.0,Expense
2017-03-05,Transportation,30.0,Expense
2017-03-05,Food,949.0,Expense
2017-03-05,Household,140.0,Expense
2017-03-05,Shopping,10.0,Expense
2017-03-06,Food,45.0,Expense
2017-03-06,Food,62.0,Expense
2017-03-07,Subscriptions,2700.1,Expense
2017-03-07,Food,62.0,Expense
2017-03-07,Food,20.0,Expense
2017-03-07,Food,105.0,Expense
2017-03-07,Food,190.0,Expense
2017-03-08,Food,150.0,Expense
2017-03-09,Food,100.0,Expense
2017-03-09,Food,100.0,Expense
2017-03-10,Transportation,1599.98,Expense
2017-03-10,Subscriptions,296.0,Expense
2017-03-10,Food,62.0,Expense
2017-03-10,Food,72.0,Expense
2017-03-11,Transportation,30.0,Expense
2017-03-11,Food,60.0,Expense
2017-03-11,Food,200.0,Expense
2017-03-11,Transportation,20.0,Expense
2017-03-12,Transportation,30.0,Expense
2017-03-12,Food,130.0,Expense
2017-03-12,Food,40.0,Expense
2017-03-12,Transportation,40.0,Expense
2017-03-12,Transportation,30.0,Expense
2017-03-12,Entertainment,440.0,Expense
2017-03-13,Household,1600.0,Expense
2017-03-13,Shopping,100.0,Expense
2017-03-13,Household,400.0,Expense
2017-03-13,Food,100.0,Expense
2017-03-14,Household,300.0,Expense
2017-03-15,Household,111.0,Expense
2017-03-15,Food,40.0,Expense
2017-03-15,Household,50.0,Expense
2017-03-16,Other,70.0,Income
2017-03-16,Subscriptions,2820.0,Expense
2017-03-18,Food,310.0,Expense
2017-03-18,Food,160.0,Expense
2017-03-18,Food,57.0,Expense
2017-03-19,Subscriptions,296.0,Expense
2017-03-20,Household,450.0,Expense
2017-03-22,Transportation,20.0,Expense
2017-03-22,Transportation,50.0,Expense
2017-03-22,Household,500.0,Expense
2017-03-22,Transportation,33.0,Expense
2017-03-22,Transportation,18.0,Expense
2017-03-22,Transportation,20.0,Expense
2017-03-22,Transportation,30.0,Expense
2017-03-22,Transportation,600.0,Expense
2017-03-23,Household,3000.0,Expense
2017-03-23,Food,60.0,Expense
2017-03-23,Other,1499.0,Expense
2017-03-25,Health,150.0,Expense
2017-03-25,Health,110.0,Expense
2017-03-25,Food,60.0,Expense
2017-03-25,Transportation,900.0,Expense
2017-03-25,Other,6.0,Income
2017-03-25,Food,20.0,Expense
2017-03-25,Health,29.0,Expense
2017-03-26,Food,60.0,Expense
2017-03-26,Household,786.0,Expense
2017-03-27,Food,60.0,Expense
2017-03-27,Household,260.0,Expense
2017-03-28,Food,12.0,Expense
2017-03-30,Household,245.0,Expense
2017-03-31,Transportation,30.0,Expense
2017-03-31,Transportation,15.0,Expense
2017-03-31,Household,2500.0,Expense
2017-03-31,Transportation,30.0,Expense
2017-03-31,Food,495.0,Expense
2017-03-31,Transportation,30.0,Expense
2017-03-31,Transportation,60.0,Expense
2017-03-31,Salary,56102.0,Income
2017-03-31,Transportation,15.0,Expense
2017-04-01,Food,40.0,Expense
2017-04-01,Food,52.0,Expense
2017-04-01,Food,10.0,Expense
2017-04-03,Food,60.0,Expense
2017-04-03,Subscriptions,2700.1,Expense
2017-04-04,Food,45.0,Expense
2017-04-06,Transportation,213.6,Expense
2017-04-10,Food,20.0,Expense
2017-04-12,Food,125.0,Expense
2017-04-14,Household,5000.0,Expense
2017-04-16,Subscriptions,192.0,Expense
2017-04-17,Household,1497.0,Expense
2017-04-17,Food,1076.0,Expense
2017-04-18,Food,64.0,Expense
2017-04-18,Food,20.0,Expense
2017-04-20,Food,64.0,Expense
2017-04-20,Household,621.68,Expense
2017-04-21,Subscriptions,261.0,Expense
2017-04-21,Health,40.0,Expense
2017-04-22,Food,205.0,Expense
2017-04-22,Transportation,30.0,Expense
2017-04-22,Food,20.0,Expense
2017-04-23,Food,15.0,Expense
2017-04-23,Food,40.0,Expense
2017-04-24,Other,170.0,Expense
2017-04-25,Food,64.0,Expense
2017-04-25,Transportation,30.0,Expense
2017-04-25,Transportation,20.0,Expense
2017-04-25,Transportation,10.0,Expense
2017-04-25,Food,24.0,Expense
2017-04-26,Other,385.0,Expense
2017-04-27,Food,64.0,Expense
2017-04-28,Subscriptions,149.0,Expense
2017-04-28,Food,30.0,Expense
2017-04-30,Salary,56957.0,Income
2017-04-30,Transportation,30.0,Expense
2017-04-30,Food,25.0,Expense
2017-04-30,Food,10.0,Expense
2017-04-30,Food,110.0,Expense
2017-04-30,Food,17.0,Expense
2017-04-30,Food,64.0,Expense
2017-04-30,Food,221.0,Expense
2017-05-01,Transportation,30.0,Expense
2017-05-01,Shopping,399.0,Expense
2017-05-01,Food,47.0,Expense
2017-05-01,Shopping,599.0,Expense
2017-05-01,Other,100.0,Expense
2017-05-01,Transportation,30.0,Expense
2017-05-01,Household,1000.0,Expense
2017-05-01,Transportation,10.0,Expense
2017-05-01,Food,321.0,Expense
2017-05-02,Food,64.0,Expense
2017-05-02,Food,20.0,Expense
2017-05-02,Shopping,2421.0,Expense
2017-05-02,Health,40.0,Expense
2017-05-03,Transportation,15.0,Expense
2017-05-03,Transportation,30.0,Expense
2017-05-03,Transportation,10.0,Expense
2017-05-03,Transportation,60.0,Expense
2017-05-03,Other,1811.0,Expense
2017-05-03,Transportation,1100.0,Expense
2017-05-03,Subscriptions,2700.1,Expense
2017-05-03,Household,8825.0,Expense
2017-05-04,Subscriptions,296.0,Expense
2017-05-05,Food,45.0,Expense
2017-05-05,Food,33.0,Expense
2017-05-05,Food,20.0,Expense
2017-05-06,Food,330.0,Expense
2017-05-06,Food,10.0,Expense
2017-05-06,Food,20.0,Expense
2017-05-06,Food,25.0,Expense
2017-05-07,Food,30.0,Expense
2017-05-07,Food,98.0,Expense
2017-05-07,Food,45.0,Expense
2017-05-07,Subscriptions,296.0,Expense
2017-05-08,Food,35.0,Expense
2017-05-08,Food,191.0,Expense
2017-05-09,Food,40.0,Expense
2017-05-09,Food,20.0,Expense
2017-05-09,Food,45.0,Expense
2017-05-09,Food,10.0,Expense
2017-05-10,Food,125.0,Expense
2017-05-10,Food,34.0,Expense
2017-05-10,Food,45.0,Expense
2017-05-10,Food,20.0,Expense
2017-05-10,Education,24.0,Expense
2017-05-10,Education,12.0,Expense
2017-05-10,Education,100.0,Expense
2017-05-11,Food,10.0,Expense
2017-05-11,Food,233.0,Expense
2017-05-11,Shopping,318.0,Expense
2017-05-11,Subscriptions,230.0,Expense
2017-05-12,Household,5000.0,Expense
2017-05-12,Food,10.0,Expense
2017-05-12,Food,20.0,Expense
2017-05-13,Food,35.0,Expense
2017-05-13,Food,5.0,Expense
2017-05-13,Food,20.0,Expense
2017-05-13,Food,10.0,Expense
2017-05-13,Food,242.0,Expense
2017-05-14,Food,242.0,Expense
2017-05-14,Household,50.0,Expense
2017-05-15,Food,100.0,Expense
2017-05-15,Food,35.0,Expense
2017-05-15,Subscriptions,380.0,Expense
2017-05-16,Food,234.0,Expense
2017-05-16,Food,5.0,Expense
2017-05-16,Food,10.0,Expense
2017-05-16,Shopping,247.0,Expense
2017-05-17,Food,10.0,Expense
2017-05-17,Food,210.0,Expense
2017-05-17,Food,5.0,Expense
2017-05-17,Food,99.0,Expense
2017-05-18,Food,64.0,Expense
2017-05-18,Food,10.0,Expense
2017-05-18,Food,219.0,Expense
2017-05-18,Food,60.0,Expense
2017-05-18,Food,10.0,Expense
2017-05-18,Food,25.0,Expense
2017-05-18,Shopping,50.0,Expense
2017-05-18,Food,45.0,Expense
2017-05-21,Transportation,30.0,Expense
2017-05-21,Transportation,30.0,Expense
2017-05-21,Transportation,20.0,Expense
2017-05-21,Food,24.0,Expense
2017-05-21,Subscriptions,261.0,Expense
2017-05-22,Food,88.0,Expense
2017-05-22,Food,15.0,Expense
2017-05-22,Food,40.0,Expense
2017-05-22,Household,50.0,Expense
2017-05-23,Household,46.0,Expense
2017-05-23,Education,75.0,Expense
2017-05-23,Food,25.0,Expense
2017-05-24,Food,15.0,Expense
2017-05-24,Subscriptions,261.0,Expense
2017-05-24,Transportation,30.0,Expense
2017-05-24,Food,64.0,Expense
2017-05-25,Transportation,15.0,Expense
2017-05-25,Food,30.0,Expense
2017-05-27,Food,64.0,Expense
2017-05-27,Education,20.0,Expense
2017-05-27,Food,20.0,Expense
2017-05-28,Food,140.0,Expense
2017-05-28,Food,60.0,Expense
2017-05-28,Food,30.0,Expense
2017-05-28,Food,70.0,Expense
2017-05-28,Food,45.0,Expense
2017-05-28,Food,24.0,Expense
2017-05-28,Household,996.0,Expense
2017-05-29,Food,64.0,Expense
2017-05-29,Education,30.0,Expense
2017-05-29,Food,35.0,Expense
2017-05-30,Food,120.0,Expense
2017-05-30,Household,275.0,Expense
2017-05-30,Transportation,80.0,Expense
2017-05-30,Transportation,30.0,Expense
2017-05-30,Food,25.0,Expense
2017-05-30,Food,40.0,Expense
2017-05-30,Transportation,30.0,Expense
2017-05-30,Food,34.0,Expense
2017-05-31,Salary,56970.0,Income
2017-05-31,Shopping,655.0,Expense
2017-06-01,Household,1000.0,Expense
2017-06-01,Food,65.0,Expense
2017-06-01,Food,24.0,Expense
2017-06-02,Food,141.0,Expense
2017-06-02,Food,20.0,Expense
2017-06-03,Household,267.0,Expense
2017-06-03,Food,242.95,Expense
2017-06-03,Food,20.0,Expense
2017-06-03,Subscriptions,2700.1,Expense
2017-06-04,Food,25.0,Expense
2017-06-04,Food,64.0,Expense
2017-06-05,Food,180.0,Expense
2017-06-05,Food,20.0,Expense
2017-06-05,Household,2500.0,Expense
2017-06-05,Health,190.0,Expense
2017-06-05,Health,18.0,Expense
2017-06-06,Education,3.0,Expense
2017-06-06,Food,40.0,Expense
2017-06-06,Food,64.0,Expense
2017-06-07,Household,26.0,Expense
2017-06-08,Transportation,30.0,Expense
2017-06-08,Entertainment,760.0,Expense
2017-06-08,Transportation,30.0,Expense
2017-06-08,Food,64.0,Expense
2017-06-08,Food,35.0,Expense
2017-06-08,Food,35.0,Expense
2017-06-10,Subscriptions,170.0,Expense
2017-06-10,Transportation,501.0,Expense
2017-06-10,Health,386.0,Expense
2017-06-11,Food,64.0,Expense
2017-06-11,Shopping,100.0,Expense
2017-06-13,Food,64.0,Expense
2017-06-15,Other,50.0,Expense
2017-06-15,Education,29.0,Expense
2017-06-16,Food,64.0,Expense
2017-06-16,Other,137.0,Expense
2017-06-17,Food,64.0,Expense
2017-06-18,Transportation,12.0,Expense
2017-06-18,Transportation,15.0,Expense
2017-06-19,Food,60.0,Expense
2017-06-19,Food,141.0,Expense
2017-06-19,Food,18.0,Expense
2017-06-19,Food,64.0,Expense
2017-06-19,Food,80.0,Expense
2017-06-20,Other,250.0,Expense
2017-06-22,Transportation,30.0,Expense
2017-06-22,Transportation,20.0,Expense
2017-06-22,Food,261.0,Expense
2017-06-22,Other,1595.0,Expense
2017-06-22,Food,64.0,Expense
2017-06-23,Food,35.0,Expense
2017-06-23,Other,590.0,Expense
2017-06-24,Food,64.0,Expense
2017-06-25,Transportation,10.0,Expense
2017-06-26,Food,20.0,Expense
2017-06-26,Food,24.0,Expense
2017-06-26,Food,64.0,Expense
2017-06-27,Health,12.0,Expense
2017-06-28,Household,1500.0,Expense
2017-06-28,Food,186.5,Expense
2017-06-28,Household,2000.0,Expense
2017-06-28,Transportation,30.0,Expense
2017-06-28,Food,15.0,Expense
2017-06-28,Transportation,30.0,Expense
2017-06-29,Transportation,50.0,Expense
2017-06-29,Shopping,60.0,Expense
2017-06-30,Salary,56957.0,Income
2017-06-30,Other,4800.0,Expense
2017-07-01,Transportation,1711.0,Expense
2017-07-02,Food,140.0,Expense
2017-07-03,Other,5.0,Expense
2017-07-03,Subscriptions,170.0,Expense
2017-07-04,Food,64.0,Expense
2017-07-04,Food,35.0,Expense
2017-07-04,Transportation,60.0,Expense
2017-07-04,Food,25.0,Expense
2017-07-04,Subscriptions,2700.0,Expense
2017-07-05,Food,100.0,Expense
2017-07-05,Food,180.0,Expense
2017-07-05,Food,115.0,Expense
2017-07-05,Food,45.0,Expense
2017-07-08,Food,26.0,Expense
2017-07-08,Food,64.0,Expense
2017-07-08,Food,30.0,Expense
2017-07-09,Household,2923.0,Expense
2017-07-09,Food,20.0,Expense
2017-07-09,Transportation,30.0,Expense
2017-07-09,Transportation,12.0,Expense
2017-07-09,Food,20.0,Expense
2017-07-09,Transportation,80.0,Expense
2017-07-10,Food,50.0,Expense
2017-07-11,Food,15.0,Expense
2017-07-11,Education,10.0,Expense
2017-07-11,Household,5000.0,Expense
2017-07-11,Other,20000.0,Income
2017-07-11,Household,1500.0,Expense
2017-07-12,Food,64.0,Expense
2017-07-12,Other,500.0,Expense
2017-07-12,Other,6.0,Income
2017-07-14,Food,15.0,Expense
2017-07-15,Food,25.0,Expense
2017-07-15,Food,32.0,Expense
2017-07-17,Transportation,40.0,Expense
2017-07-17,Transportation,30.0,Expense
2017-07-17,Shopping,63.0,Expense
2017-07-17,Food,60.0,Expense
2017-07-17,Food,540.0,Expense
2017-07-18,Food,70.0,Expense
2017-07-18,Food,43.0,Expense
2017-07-18,Food,35.0,Expense
2017-07-18,Food,20.0,Expense
2017-07-18,Household,540.0,Expense
2017-07-18,Other,25.0,Income
2017-07-18,Food,55.0,Expense
2017-07-18,Household,240.0,Expense
2017-07-19,Food,32.0,Expense
2017-07-19,Food,22.0,Expense
2017-07-20,Food,32.0,Expense
2017-07-20,Subscriptions,2545.0,Expense
2017-07-20,Food,50.0,Expense
2017-07-20,Food,88.0,Expense
2017-07-21,Food,33.0,Expense
2017-07-21,Other,1000.0,Expense
2017-07-22,Food,64.0,Expense
2017-07-23,Household,200.0,Expense
2017-07-23,Household,2065.0,Expense
2017-07-23,Food,52.0,Expense
2017-07-24,Food,64.0,Expense
2017-07-24,Food,22.0,Expense
2017-07-24,Food,248.0,Expense
2017-07-25,Travel,20000.0,Expense
2017-07-26,Other,19350.0,Income
2017-07-27,Food,203.0,Expense
2017-07-27,Food,215.0,Expense
2017-07-27,Household,200.0,Expense
2017-07-28,Transportation,30.0,Expense
2017-07-28,Health,167.0,Expense
2017-07-28,Transportation,20.0,Expense
2017-07-28,Transportation,30.0,Expense
2017-07-28,Health,3050.0,Expense
2017-07-29,Transportation,97.0,Expense
2017-07-29,Health,556.0,Expense
2017-07-29,Food,64.0,Expense
2017-07-30,Salary,61578.0,Income
2017-07-30,Transportation,20.0,Expense
2017-07-30,Household,1000.0,Expense
2017-07-30,Food,100.0,Expense
2017-07-30,Household,3000.0,Expense
2017-07-30,Transportation,895.0,Expense
2017-07-30,Food,20.0,Expense
2017-07-30,Other,6.0,Income
2017-07-31,Food,22.0,Expense
2017-07-31,Transportation,65.0,Expense
2017-07-31,Food,100.0,Expense
2017-08-01,Health,10.0,Expense
2017-08-01,Shopping,399.0,Expense
2017-08-02,Subscriptions,2700.0,Expense
2017-08-02,Food,66.0,Expense
2017-08-02,Food,14.0,Expense
2017-08-03,Subscriptions,170.0,Expense
2017-08-04,Food,68.0,Expense
2017-08-04,Subscriptions,2999.0,Expense
2017-08-04,Other,11.0,Income
2017-08-05,Health,6190.0,Expense
2017-08-05,Health,27.0,Expense
2017-08-05,Shopping,989.0,Expense
2017-08-05,Other,1145.0,Expense
2017-08-05,Other,909.0,Expense
2017-08-05,Household,100.0,Expense
2017-08-06,Food,25.0,Expense
2017-08-06,Food,5.0,Expense
2017-08-06,Household,302.0,Expense
2017-08-06,Subscriptions,170.0,Expense
2017-08-06,Health,22.0,Expense
2017-08-06,Other,6.0,Income
2017-08-07,Household,5000.0,Expense
2017-08-07,Food,33.0,Expense
2017-08-07,Other,6.0,Income
2017-08-08,Food,66.0,Expense
2017-08-08,Travel,43000.0,Expense
2017-08-09,Health,125.0,Expense
2017-08-09,Household,218.0,Expense
2017-08-09,Other,6.0,Income
2017-08-10,Other,3.0,Income
2017-08-10,Food,66.0,Expense
2017-08-10,Household,76.0,Expense
2017-08-11,Other,500.0,Expense
2017-08-11,Transportation,100.0,Expense
2017-08-11,Transportation,470.0,Expense
2017-08-11,Transportation,330.0,Expense
2017-08-11,Transportation,60.0,Expense
2017-08-12,Transportation,1665.0,Expense
2017-08-12,Entertainment,800.0,Expense
2017-08-14,Household,320.0,Expense
2017-08-14,Household,112.0,Expense
2017-08-15,Food,99.0,Expense
2017-08-15,Household,1400.0,Expense
2017-08-17,Household,88.0,Expense
2017-08-17,Household,1020.0,Expense
2017-08-17,Food,45.0,Expense
2017-08-18,Household,100.0,Expense
2017-08-19,Subscriptions,217.0,Expense
2017-08-19,Household,45.0,Expense
2017-08-19,Household,20.0,Expense
2017-08-19,Household,60.0,Expense
2017-08-20,Transportation,25.0,Expense
2017-08-20,Other,239.0,Expense
2017-08-20,Shopping,48.0,Expense
2017-08-20,Household,569.0,Expense
2017-08-20,Transportation,60.0,Expense
2017-08-20,Transportation,361.0,Expense
2017-08-20,Transportation,60.0,Expense
2017-08-20,Food,504.0,Expense
2017-08-20,Food,166.0,Expense
2017-08-20,Transportation,30.0,Expense
2017-08-21,Food,33.0,Expense
2017-08-21,Household,280.0,Expense
2017-08-21,Shopping,50.0,Expense
2017-08-21,Education,27.0,Expense
2017-08-21,Shopping,80.0,Expense
2017-08-22,Household,300.0,Expense
2017-08-22,Household,5000.0,Expense
2017-08-23,Transportation,850.0,Expense
2017-08-23,Food,300.0,Expense
2017-08-24,Food,325.0,Expense
2017-08-24,Transportation,40.0,Expense
2017-08-24,Shopping,5200.0,Expense
2017-08-24,Household,3000.0,Expense
2017-08-25,Health,39.0,Expense
2017-08-26,Food,5.0,Expense
2017-08-27,Transportation,200.0,Expense
2017-08-27,Travel,100.0,Expense
2017-08-27,Health,59.0,Expense
2017-08-28,Food,20.0,Expense
2017-08-28,Travel,200.0,Expense
2017-08-29,Transportation,640.0,Expense
2017-08-30,Salary,61578.0,Income
2017-08-30,Health,22.0,Expense
2017-08-31,Household,60.0,Expense
2017-08-31,Household,10.0,Expense
2017-08-31,Household,5.0,Expense
2017-08-31,Household,25.0,Expense
2017-08-31,Other,5.0,Income
2017-08-31,Other,14.0,Income
2017-08-31,Food,99.0,Expense
2017-08-31,Other,17.7,Expense
2017-09-01,Food,66.0,Expense
2017-09-01,Household,820.0,Expense
2017-09-03,Subscriptions,170.0,Expense
2017-09-03,Other,15.0,Expense
2017-09-04,Food,40.0,Expense
2017-09-05,Subscriptions,2700.0,Expense
2017-09-05,Education,50.0,Expense
2017-09-06,Food,140.0,Expense
2017-09-06,Other,20.0,Expense
2017-09-06,Household,500.0,Expense
2017-09-08,Food,196.0,Expense
2017-09-08,Transportation,1440.0,Expense
2017-09-09,Health,45.0,Expense
2017-09-10,Household,514.0,Expense
2017-09-11,Other,6.0,Income
2017-09-11,Food,93.0,Expense
2017-09-11,Transportation,30.0,Expense
2017-09-11,Food,285.0,Expense
2017-09-11,Household,2500.0,Expense
2017-09-11,Transportation,2598.0,Expense
2017-09-11,Transportation,60.0,Expense
2017-09-11,Transportation,100.0,Expense
2017-09-12,Food,66.0,Expense
2017-09-12,Other,5.0,Income
2017-09-13,Food,110.0,Expense
2017-09-14,Food,282.0,Expense
2017-09-14,Subscriptions,100.0,Expense
2017-09-15,Food,60.0,Expense
2017-09-15,Food,50.0,Expense
2017-09-15,Health,150.0,Expense
2017-09-15,Food,24.0,Expense
2017-09-15,Food,66.0,Expense
2017-09-15,Health,373.0,Expense
2017-09-15,Food,55.0,Expense
2017-09-15,Food,130.0,Expense
2017-09-15,Transportation,1400.0,Expense
2017-09-17,Household,114.0,Expense
2017-09-17,Health,151.0,Expense
2017-09-17,Food,99.0,Expense
2017-09-17,Food,35.0,Expense
2017-09-17,Household,558.0,Expense
2017-09-18,Health,55.0,Expense
2017-09-18,Food,55.0,Expense
2017-09-18,Food,60.0,Expense
2017-09-20,Other,100.0,Expense
2017-09-20,Health,20.0,Expense
2017-09-20,Household,20.0,Expense
2017-09-21,Other,10.0,Expense
2017-09-21,Transportation,15.0,Expense
2017-09-21,Food,15.0,Expense
2017-09-21,Household,70.0,Expense
2017-09-21,Food,10.0,Expense
2017-09-21,Transportation,30.0,Expense
2017-09-23,Food,100.0,Expense
2017-09-24,Food,280.0,Expense
2017-09-24,Transportation,30.0,Expense
2017-09-24,Transportation,10.0,Expense
2017-09-24,Shopping,100.0,Expense
2017-09-24,Entertainment,560.0,Expense
2017-09-25,Food,30.0,Expense
2017-09-25,Food,300.0,Expense
2017-09-27,Other,334.0,Expense
2017-09-27,Household,312.0,Expense
2017-09-27,Other,6.0,Income
2017-09-28,Subscriptions,215.0,Expense
2017-09-28,Transportation,2388.0,Expense
2017-09-29,Shopping,60.0,Expense
2017-09-29,Food,25.0,Expense
2017-09-29,Food,10.0,Expense
2017-09-29,Health,21.0,Expense
2017-09-30,Salary,61578.0,Income
2017-09-30,Household,600.0,Expense
2017-09-30,Food,30.0,Expense
2017-09-30,Food,135.0,Expense
2017-09-30,Household,155.0,Expense
2017-09-30,Health,59.0,Expense
2017-10-01,Subscriptions,149.0,Expense
2017-10-02,Household,2000.0,Expense
2017-10-02,Household,3055.0,Expense
2017-10-04,Household,400.0,Expense
2017-10-04,Health,50.0,Expense
2017-10-04,Subscriptions,2700.0,Expense
2017-10-05,Other,200.0,Expense
2017-10-06,Health,468.0,Expense
2017-10-08,Household,3198.0,Expense
2017-10-08,Other,6500.0,Expense
2017-10-09,Food,280.0,Expense
2017-10-09,Subscriptions,5640.0,Expense
2017-10-09,Food,230.0,Expense
2017-10-10,Household,14.0,Expense
2017-10-11,Transportation,658.6,Expense
2017-10-13,Household,70.0,Expense
2017-10-17,Other,3000.0,Income
2017-10-18,Transportation,1231.0,Expense
2017-10-18,Transportation,1333.0,Expense
2017-10-19,Food,25.0,Expense
2017-10-20,Other,200.0,Expense
2017-10-20,Entertainment,20.0,Expense
2017-10-21,Other,1888.0,Expense
2017-10-21,Household,2000.0,Expense
2017-10-21,Food,33.0,Expense
2017-10-22,Transportation,50.0,Expense
2017-10-23,Subscriptions,191.0,Expense
2017-10-23,Household,50.0,Expense
2017-10-23,Household,27.0,Expense
2017-10-23,Household,99.0,Expense
2017-10-23,Entertainment,200.0,Expense
2017-10-23,Shopping,220.0,Expense
2017-10-23,Household,9.0,Expense
2017-10-24,Subscriptions,296.0,Expense
2017-10-24,Food,10.0,Expense
2017-10-25,Other,3000.0,Income
2017-10-26,Transportation,50.0,Expense
2017-10-26,Entertainment,50.0,Expense
2017-10-26,Entertainment,500.0,Expense
2017-10-26,Entertainment,10.0,Expense
2017-10-27,Transportation,40.0,Expense
2017-10-29,Subscriptions,795.49,Expense
2017-10-29,Subscriptions,296.0,Expense
2017-10-29,Subscriptions,296.0,Expense
2017-11-01,Subscriptions,296.0,Expense
2017-11-01,Salary,78298.0,Income
2017-11-02,Other,130.0,Expense
2017-11-02,Food,20.0,Expense
2017-11-03,Subscriptions,2700.0,Expense
2017-11-05,Subscriptions,200.0,Expense
2017-11-05,Transportation,15.0,Expense
2017-11-06,Food,39.0,Expense
2017-11-07,Food,70.0,Expense
2017-11-08,Other,6.0,Income
2017-11-08,Food,130.0,Expense
2017-11-08,Household,539.0,Expense
2017-11-09,Food,70.0,Expense
2017-11-09,Food,40.0,Expense
2017-11-09,Health,100.0,Expense
2017-11-09,Household,67.0,Expense
2017-11-09,Household,20.0,Expense
2017-11-09,Shopping,72.0,Expense
2017-11-11,Food,26.0,Expense
2017-11-11,Food,39.0,Expense
2017-11-12,Household,120.0,Expense
2017-11-12,Transportation,40.0,Expense
2017-11-12,Transportation,30.0,Expense
2017-11-12,Transportation,34.0,Expense
2017-11-12,Transportation,30.0,Expense
2017-11-12,Food,12.0,Expense
2017-11-12,Food,1525.0,Expense
2017-11-12,Other,3690.0,Expense
2017-11-12,Household,130.0,Expense
2017-11-13,Food,50.0,Expense
2017-11-13,Food,70.0,Expense
2017-11-13,Food,60.0,Expense
2017-11-13,Household,268.0,Expense
2017-11-13,Household,180.0,Expense
2017-11-14,Household,770.0,Expense
2017-11-14,Food,160.0,Expense
2017-11-14,Food,125.0,Expense
2017-11-15,Household,95.0,Expense
2017-11-15,Education,45.0,Expense
2017-11-15,Food,25.0,Expense
2017-11-15,Household,209.0,Expense
2017-11-15,Food,524.0,Expense
2017-11-16,Food,70.0,Expense
2017-11-17,Food,28.0,Expense
2017-11-17,Household,80.0,Expense
2017-11-17,Food,105.0,Expense
2017-11-18,Food,104.0,Expense
2017-11-18,Education,950.0,Expense
2017-11-18,Subscriptions,147.0,Expense
2017-11-18,Food,39.0,Expense
2017-11-18,Household,242.0,Expense
2017-11-19,Transportation,20.0,Expense
2017-11-19,Transportation,30.0,Expense
2017-11-19,Entertainment,436.0,Expense
2017-11-19,Transportation,30.0,Expense
2017-11-19,Food,20.0,Expense
2017-11-20,Other,200.0,Income
2017-11-20,Food,70.0,Expense
2017-11-23,Food,69.0,Expense
2017-11-23,Food,21.0,Expense
2017-11-23,Food,17.0,Expense
2017-11-23,Food,23.0,Expense
2017-11-24,Entertainment,314.0,Expense
2017-11-25,Food,10.0,Expense
2017-11-25,Shopping,90.0,Expense
2017-11-25,Food,69.0,Expense
2017-11-25,Subscriptions,156.0,Expense
2017-11-26,Transportation,10.0,Expense
2017-11-26,Transportation,40.0,Expense
2017-11-26,Transportation,40.0,Expense
2017-11-26,Other,8.0,Income
2017-11-26,Health,159.0,Expense
2017-11-26,Health,400.0,Expense
2017-11-27,Shopping,2699.0,Expense
2017-11-27,Transportation,5.0,Expense
2017-11-27,Transportation,30.0,Expense
2017-11-27,Transportation,30.0,Expense
2017-11-27,Other,7.0,Income
2017-11-27,Health,1000.0,Expense
2017-11-28,Food,69.0,Expense
2017-11-28,Food,140.0,Expense
2017-11-28,Household,115.0,Expense
2017-11-28,Food,18.0,Expense
2017-11-28,Food,42.0,Expense
2017-11-28,Food,90.0,Expense
2017-11-30,Health,22700.0,Expense
2017-11-30,Household,50.0,Expense
2017-11-30,Health,800.0,Expense
2017-11-30,Health,22.0,Expense
2017-11-30,Salary,64636.0,Income
2017-12-01,Household,2000.0,Expense
2017-12-01,Food,69.0,Expense
2017-12-01,Other,6.0,Income
2017-12-01,Food,125.0,Expense
2017-12-02,Food,69.0,Expense
2017-12-02,Food,35.0,Expense
2017-12-03,Shopping,160.0,Expense
2017-12-03,Other,20.0,Expense
2017-12-03,Food,290.0,Expense
2017-12-03,Food,30.0,Expense
2017-12-04,Other,6.0,Income
2017-12-04,Food,69.0,Expense
2017-12-04,Food,50.0,Expense
2017-12-04,Subscriptions,110.0,Expense
2017-12-04,Household,990.0,Expense
2017-12-04,Food,120.0,Expense
2017-12-04,Food,35.0,Expense
2017-12-04,Household,937.0,Expense
2017-12-05,Subscriptions,2700.0,Expense
2017-12-05,Subscriptions,100.0,Expense
2017-12-06,Food,125.0,Expense
2017-12-07,Food,69.0,Expense
2017-12-08,Food,408.0,Expense
2017-12-09,Food,85.0,Expense
2017-12-10,Food,65.0,Expense
2017-12-10,Food,25.0,Expense
2017-12-10,Food,310.0,Expense
2017-12-10,Food,90.0,Expense
2017-12-12,Food,40.0,Expense
2017-12-12,Food,80.0,Expense
2017-12-12,Food,100.0,Expense
2017-12-13,Household,20.0,Expense
2017-12-13,Shopping,98.0,Expense
2017-12-13,Food,69.0,Expense
2017-12-14,Food,145.0,Expense
2017-12-14,Other,3000.0,Income
2017-12-15,Food,15.0,Expense
2017-12-15,Other,10.0,Expense
2017-12-16,Food,69.0,Expense
2017-12-17,Transportation,15.0,Expense
2017-12-17,Transportation,20.0,Expense
2017-12-17,Transportation,25.0,Expense
2017-12-17,Food,20.0,Expense
2017-12-17,Household,878.0,Expense
2017-12-17,Transportation,30.0,Expense
2017-12-17,Food,505.0,Expense
2017-12-18,Shopping,312.0,Expense
2017-12-19,Household,500.0,Expense
2017-12-19,Food,45.0,Expense
2017-12-19,Transportation,10.0,Expense
2017-12-19,Other,6.0,Income
2017-12-19,Food,69.0,Expense
2017-12-20,Subscriptions,28400.0,Expense
2017-12-20,Food,95.0,Expense
2017-12-21,Food,70.0,Expense
2017-12-21,Food,65.0,Expense
2017-12-21,Household,118.0,Expense
2017-12-21,Food,15.0,Expense
2017-12-22,Food,380.0,Expense
2017-12-23,Other,798.0,Expense
2017-12-24,Other,1364.0,Expense
2017-12-24,Transportation,30.0,Expense
2017-12-24,Household,100.0,Expense
2017-12-24,Food,35.0,Expense
2017-12-24,Food,25.0,Expense
2017-12-25,Subscriptions,156.0,Expense
2017-12-25,Transportation,80.0,Expense
2017-12-25,Subscriptions,181.0,Expense
2017-12-26,Subscriptions,1749.0,Expense
2017-12-27,Food,70.0,Expense
2017-12-28,Food,10.0,Expense
2017-12-29,Subscriptions,181.0,Expense
2017-12-29,Food,5.0,Expense
2017-12-29,Household,182.0,Expense
2017-12-29,Food,30.0,Expense
2017-12-29,Household,450.0,Expense
2017-12-30,Food,25.0,Expense
2017-12-31,Food,30.0,Expense
2017-12-31,Salary,64623.0,Income
2018-01-01,Household,599.0,Expense
2018-01-01,Food,69.0,Expense
2018-01-01,Shopping,11.11,Expense
2018-01-01,Food,15.0,Expense
2018-01-01,Household,2000.0,Expense
2018-01-01,Subscriptions,482.0,Expense
2018-01-02,Health,158.0,Expense
2018-01-02,Rent,1247.44,Expense
2018-01-02,Food,24.22,Expense
2018-01-02,Household,1140.0,Expense
2018-01-03,Food,40.0,Expense
2018-01-03,Food,69.0,Expense
2018-01-03,Transportation,1000.0,Expense
2018-01-03,Food,681.0,Expense
2018-01-04,Household,130.0,Expense
2018-01-04,Food,70.0,Expense
2018-01-04,Other,50.0,Expense
2018-01-04,Entertainment,11.76,Expense
2018-01-04,Household,270.0,Expense
2018-01-05,Food,25.85,Expense
2018-01-06,Food,20.0,Expense
2018-01-06,Household,100.0,Expense
2018-01-06,Household,38.0,Expense
2018-01-06,Household,18.45,Expense
2018-01-06,Subscriptions,810.0,Expense
2018-01-06,Food,69.0,Expense
2018-01-07,Transportation,20.0,Expense
2018-01-07,Food,20.0,Expense
2018-01-08,Other,2000.0,Income
2018-01-08,Household,15.38,Expense
2018-01-08,Utilities,45.0,Expense
2018-01-08,Household,1399.0,Expense
2018-01-08,Food,104.0,Expense
2018-01-08,Household,165.0,Expense
2018-01-08,Food,20.0,Expense
2018-01-09,Food,34.0,Expense
2018-01-09,Entertainment,10.69,Expense
2018-01-09,Food,69.0,Expense
2018-01-10,Utilities,89.46,Expense
2018-01-10,Food,40.0,Expense
2018-01-11,Food,69.0,Expense
2018-01-11,Food,42.0,Expense
2018-01-11,Transportation,34.87,Expense
2018-01-11,Food,43.54,Expense
2018-01-12,Health,500.0,Expense
2018-01-12,Household,226.0,Expense
2018-01-12,Salary,2000.0,Income
2018-01-13,Food,32.91,Expense
2018-01-13,Shopping,39.05,Expense
2018-01-13,Health,740.0,Expense
2018-01-13,Shopping,80.0,Expense
2018-01-14,Transportation,40.0,Expense
2018-01-14,Transportation,15.0,Expense
2018-01-14,Transportation,40.0,Expense
2018-01-14,Transportation,23.0,Expense
2018-01-14,Shopping,199.0,Expense
2018-01-14,Transportation,25.0,Expense
2018-01-14,Transportation,20.0,Expense
2018-01-14,Household,798.0,Expense
2018-01-15,Transportation,40.0,Expense
2018-01-15,Food,38.0,Expense
2018-01-15,Food,284.0,Expense
2018-01-15,Transportation,266.0,Expense
2018-01-15,Food,44.19,Expense
2018-01-15,Food,64.11,Expense
2018-01-16,Food,69.0,Expense
2018-01-16,Household,165.0,Expense
2018-01-16,Utilities,35.0,Expense
2018-01-16,Utilities,60.0,Expense
2018-01-16,Entertainment,298.0,Expense
2018-01-18,Food,69.0,Expense
2018-01-18,Transportation,50000.0,Expense
2018-01-18,Food,219.0,Expense
2018-01-18,Food,42.0,Expense
2018-01-19,Salary,2000.0,Income
2018-01-19,Household,53.0,Expense
2018-01-19,Food,17.0,Expense
2018-01-19,Household,46.0,Expense
2018-01-19,Food,20.0,Expense
2018-01-20,Food,45.0,Expense
2018-01-20,Shopping,50.21,Expense
2018-01-20,Subscriptions,179.0,Expense
2018-01-20,Food,10.0,Expense
2018-01-20,Other,2.0,Income
2018-01-21,Food,384.0,Expense
2018-01-22,Household,17.38,Expense
2018-01-22,Food,14.0,Expense
2018-01-22,Food,69.0,Expense
2018-01-22,Food,162.0,Expense
2018-01-22,Health,30.0,Expense
2018-01-23,Household,273.0,Expense
2018-01-24,Food,35.0,Expense
2018-01-24,Food,3.0,Expense
2018-01-25,Food,70.0,Expense
2018-01-25,Utilities,69.99,Expense
2018-01-26,Household,38.0,Expense
2018-01-26,Transportation,15.0,Expense
2018-01-26,Food,20.0,Expense
2018-01-26,Food,69.0,Expense
2018-01-26,Food,25.0,Expense
2018-01-26,Transportation,20.0,Expense
2018-01-26,Shopping,1009.0,Expense
2018-01-27,Transportation,43000.0,Expense
2018-01-28,Food,24.0,Expense
2018-01-28,Household,764.0,Expense
2018-01-28,Household,976.9,Expense
2018-01-29,Food,17.62,Expense
2018-01-29,Transportation,30.42,Expense
2018-01-29,Food,25.0,Expense
2018-01-29,Food,42.0,Expense
2018-01-29,Food,45.0,Expense
2018-01-29,Food,69.0,Expense
2018-01-30,Household,100.0,Expense
2018-01-30,Food,20.0,Expense
2018-01-30,Household,10.0,Expense
2018-01-31,Food,69.0,Expense
2018-01-31,Salary,64636.0,Income
2018-01-31,Transportation,50.0,Expense
2018-01-31,Food,320.0,Expense
2018-02-01,Household,2000.0,Expense
2018-02-01,Food,15.0,Expense
2018-02-01,Food,30.0,Expense
2018-02-01,Shopping,11.11,Expense
2018-02-01,Food,27.79,Expense
2018-02-02,Salary,2000.0,Income
2018-02-02,Food,82.0,Expense
2018-02-02,Household,170.0,Expense
2018-02-02,Other,6.0,Income
2018-02-02,Rent,1247.44,Expense
2018-02-03,Transportation,945.0,Expense
2018-02-03,Other,6.0,Income
2018-02-03,Food,10.0,Expense
2018-02-03,Food,57.02,Expense
2018-02-04,Entertainment,11.76,Expense
2018-02-04,Food,452.0,Expense
2018-02-04,Food,50.0,Expense
2018-02-04,Food,35.0,Expense
2018-02-05,Household,500.0,Expense
2018-02-05,Food,220.0,Expense
2018-02-05,Food,45.0,Expense
2018-02-05,Food,69.0,Expense
2018-02-06,Entertainment,312.0,Expense
2018-02-07,Utilities,65.0,Expense
2018-02-08,Food,35.0,Expense
2018-02-08,Food,25.0,Expense
2018-02-08,Food,69.0,Expense
2018-02-09,Shopping,30.0,Expense
2018-02-09,Entertainment,10.69,Expense
2018-02-09,Shopping,98.0,Expense
2018-02-10,Food,10.66,Expense
2018-02-10,Food,69.0,Expense
2018-02-11,Food,235.0,Expense
2018-02-11,Food,106.8,Expense
2018-02-11,Transportation,30.0,Expense
2018-02-11,Food,15.0,Expense
2018-02-11,Transportation,40.0,Expense
2018-02-11,Transportation,15.0,Expense
2018-02-12,Utilities,89.52,Expense
2018-02-12,Food,30.0,Expense
2018-02-12,Food,36.0,Expense
2018-02-12,Food,162.0,Expense
2018-02-12,Transportation,36.47,Expense
2018-02-13,Food,72.0,Expense
2018-02-13,Food,72.0,Expense
2018-02-13,Food,25.0,Expense
2018-02-13,Food,35.0,Expense
2018-02-14,Food,60.0,Expense
2018-02-14,Entertainment,14.0,Expense
2018-02-15,Household,117.0,Expense
2018-02-15,Food,35.0,Expense
2018-02-15,Food,30.0,Expense
2018-02-15,Utilities,60.0,Expense
2018-02-15,Food,10.0,Expense
2018-02-16,Salary,2000.0,Income
2018-02-16,Food,8.0,Expense
2018-02-16,Utilities,35.0,Expense
2018-02-16,Food,45.0,Expense
2018-02-16,Food,45.0,Expense
2018-02-16,Food,72.0,Expense
2018-02-17,Food,30.0,Expense
2018-02-17,Transportation,20.0,Expense
2018-02-17,Household,3598.0,Expense
2018-02-17,Food,1783.0,Expense
2018-02-19,Shopping,170.0,Expense
2018-02-19,Food,24.0,Expense
2018-02-19,Other,170.0,Income
2018-02-19,Food,72.0,Expense
2018-02-20,Food,35.95,Expense
2018-02-20,Household,2600.0,Expense
2018-02-20,Food,23.51,Expense
2018-02-21,Food,2.0,Expense
2018-02-22,Food,4.0,Expense
2018-02-22,Food,20.0,Expense
2018-02-22,Food,192.0,Expense
2018-02-22,Subscriptions,157.0,Expense
2018-02-22,Food,20.0,Expense
2018-02-23,Health,128.0,Expense
2018-02-23,Food,72.0,Expense
2018-02-23,Food,20.0,Expense
2018-02-24,Food,40.0,Expense
2018-02-26,Utilities,74.99,Expense
2018-02-26,Food,85.52,Expense
2018-02-26,Transportation,32.21,Expense
2018-02-26,Transportation,443.0,Expense
2018-02-26,Household,140.0,Expense
2018-02-26,Food,73.0,Expense
2018-02-26,Food,17.0,Expense
2018-02-27,Household,38.0,Expense
2018-02-27,Food,30.0,Expense
2018-02-28,Food,30.0,Expense
2018-02-28,Food,36.0,Expense
2018-02-28,Food,45.0,Expense
2018-02-28,Salary,64556.0,Income
2018-02-28,Food,18.0,Expense
2018-03-01,Food,36.0,Expense
2018-03-01,Shopping,13.13,Expense
2018-03-01,Food,32.07,Expense
2018-03-01,Food,189.0,Expense
2018-03-02,Salary,2000.0,Income
2018-03-02,Rent,1247.44,Expense
2018-03-02,Food,15.0,Expense
2018-03-03,Food,36.0,Expense
2018-03-03,Food,23.74,Expense
2018-03-04,Household,450.0,Expense
2018-03-04,Food,130.0,Expense
2018-03-04,Food,10.69,Expense
2018-03-04,Food,42.24,Expense
2018-03-04,Entertainment,11.76,Expense
2018-03-05,Household,972.0,Expense
2018-03-05,Household,1357.0,Expense
2018-03-05,Food,3.0,Expense
2018-03-05,Food,162.0,Expense
2018-03-05,Food,20.0,Expense
2018-03-05,Other,10.0,Expense
2018-03-06,Food,36.0,Expense
2018-03-06,Household,50.0,Expense
2018-03-06,Other,50.0,Expense
2018-03-06,Health,172.0,Expense
2018-03-06,Education,4.0,Expense
2018-03-06,Other,3500.0,Income
2018-03-06,Health,22.0,Expense
2018-03-07,Food,3.5,Expense
2018-03-07,Entertainment,20.0,Expense
2018-03-07,Food,30.0,Expense
2018-03-08,Transportation,34.9,Expense
2018-03-08,Utilities,52.0,Expense
2018-03-08,Subscriptions,540.0,Expense
2018-03-08,Shopping,91.0,Expense
2018-03-08,Other,500.0,Income
2018-03-08,Food,40.0,Expense
2018-03-08,Food,36.0,Expense
2018-03-08,Food,36.0,Expense
2018-03-09,Entertainment,10.69,Expense
2018-03-09,Food,20.72,Expense
2018-03-09,Food,5.09,Expense
2018-03-10,Food,36.0,Expense
2018-03-10,Food,72.0,Expense
2018-03-10,Health,77.0,Expense
2018-03-10,Household,300.0,Expense
2018-03-12,Transportation,1293.0,Expense
2018-03-12,Food,19.35,Expense
2018-03-12,Utilities,89.52,Expense
2018-03-13,Shopping,45.75,Expense
2018-03-13,Household,480.0,Expense
2018-03-13,Food,36.0,Expense
2018-03-14,Food,40.0,Expense
2018-03-14,Food,8.49,Expense
2018-03-14,Food,22.5,Expense
2018-03-14,Food,578.0,Expense
2018-03-14,Household,140.0,Expense
2018-03-15,Utilities,60.0,Expense
2018-03-15,Food,3.5,Expense
2018-03-15,Food,60.0,Expense
2018-03-15,Food,36.0,Expense
2018-03-16,Salary,2000.0,Income
2018-03-17,Food,23.34,Expense
2018-03-17,Entertainment,19.5,Expense
2018-03-17,Food,30.0,Expense
2018-03-17,Food,37.0,Expense
2018-03-18,Food,15.0,Expense
2018-03-18,Household,799.0,Expense
2018-03-18,Household,498.0,Expense
2018-03-18,Food,50.0,Expense
2018-03-18,Food,30.0,Expense
2018-03-18,Food,10.0,Expense
2018-03-18,Transportation,20.0,Expense
2018-03-18,Transportation,10.0,Expense
2018-03-19,Utilities,35.0,Expense
2018-03-19,Food,36.48,Expense
2018-03-20,Food,215.75,Expense
2018-03-20,Food,246.0,Expense
2018-03-20,Shopping,14.97,Expense
2018-03-20,Food,36.0,Expense
2018-03-20,Food,18.0,Expense
2018-03-20,Other,17.0,Expense
2018-03-20,Food,36.0,Expense
2018-03-21,Household,50.0,Expense
2018-03-21,Food,24.0,Expense
2018-03-21,Household,38.0,Expense
2018-03-22,Transportation,30.55,Expense
2018-03-22,Food,150.0,Expense
2018-03-22,Food,72.0,Expense
2018-03-22,Food,20.0,Expense
2018-03-22,Household,153.0,Expense
2018-03-22,Food,15.0,Expense
2018-03-22,Food,7.0,Expense
2018-03-22,Food,150.0,Expense
2018-03-23,Food,11.76,Expense
2018-03-23,Entertainment,100.0,Expense
2018-03-25,Food,80.0,Expense
2018-03-25,Food,25.0,Expense
2018-03-25,Food,20.0,Expense
2018-03-25,Food,240.0,Expense
2018-03-25,Transportation,10.0,Expense
2018-03-25,Food,160.0,Expense
2018-03-26,Utilities,74.99,Expense
2018-03-26,Food,72.0,Expense
2018-03-26,Subscriptions,157.0,Expense
2018-03-27,Food,35.0,Expense
2018-03-28,Food,16.06,Expense
2018-03-28,Food,24.98,Expense
2018-03-29,Food,17.64,Expense
2018-03-29,Food,1234.0,Expense
2018-03-30,Food,72.0,Expense
2018-03-30,Food,20.0,Expense
2018-03-30,Food,25.0,Expense
2018-03-30,Food,9.09,Expense
2018-03-30,Salary,2000.0,Income
2018-03-31,Food,24.74,Expense
2018-03-31,Food,41.16,Expense
2018-03-31,Food,38.32,Expense
2018-03-31,Transportation,30.0,Expense
2018-03-31,Food,244.0,Expense
2018-03-31,Food,45.0,Expense
2018-03-31,Food,419.0,Expense
2018-03-31,Salary,64636.0,Income
2018-03-31,Transportation,10.0,Expense
2018-04-01,Shopping,13.13,Expense
2018-04-01,Food,80.79,Expense
2018-04-01,Food,59.48,Expense
2018-04-01,Other,24.78,Expense
2018-04-01,Food,72.0,Expense
2018-04-01,Other,5.9,Expense
2018-04-02,Household,13.89,Expense
2018-04-02,Food,82.36,Expense
2018-04-02,Transportation,20.0,Expense
2018-04-02,Household,149.0,Expense
2018-04-02,Rent,1247.44,Expense
2018-04-02,Food,20.0,Expense
2018-04-02,Food,36.0,Expense
2018-04-02,Food,24.0,Expense
2018-04-02,Household,2000.0,Expense
2018-04-03,Entertainment,6.41,Expense
2018-04-04,Entertainment,11.76,Expense
2018-04-05,Household,38.0,Expense
2018-04-05,Food,36.0,Expense
2018-04-05,Food,72.0,Expense
2018-04-05,Food,130.0,Expense
2018-04-06,Food,9.76,Expense
2018-04-06,Transportation,4.58,Expense
2018-04-07,Household,24.0,Expense
2018-04-07,Household,1857.0,Expense
2018-04-07,Food,36.0,Expense
2018-04-08,Food,22.0,Expense
2018-04-09,Entertainment,10.69,Expense
2018-04-09,Food,10.0,Expense
2018-04-09,Food,72.0,Expense
2018-04-09,Utilities,30.0,Expense
2018-04-09,Food,6.48,Expense
2018-04-10,Food,70.0,Expense
2018-04-10,Food,18.0,Expense
2018-04-10,Other,250.0,Expense
2018-04-11,Utilities,89.52,Expense
2018-04-12,Food,7.0,Expense
2018-04-12,Food,130.0,Expense
2018-04-12,Shopping,30.0,Expense
2018-04-12,Food,20.0,Expense
2018-04-12,Household,112.0,Expense
2018-04-12,Subscriptions,199.0,Expense
2018-04-13,Transportation,37.98,Expense
2018-04-13,Health,700.0,Expense
2018-04-13,Food,10.66,Expense
2018-04-13,Salary,2000.0,Income
2018-04-14,Food,72.0,Expense
2018-04-14,Food,40.0,Expense
2018-04-14,Food,45.0,Expense
2018-04-14,Household,107.0,Expense
2018-04-14,Household,11.61,Expense
2018-04-14,Food,41.0,Expense
2018-04-15,Food,70.0,Expense
2018-04-15,Food,20.0,Expense
2018-04-15,Household,799.0,Expense
2018-04-15,Food,70.0,Expense
2018-04-15,Household,525.0,Expense
2018-04-15,Transportation,20.0,Expense
2018-04-15,Transportation,10.0,Expense
2018-04-16,Transportation,75.0,Expense
2018-04-16,Household,450.0,Expense
2018-04-16,Household,265.0,Expense
2018-04-16,Household,270.0,Expense
2018-04-16,Shopping,63.0,Expense
2018-04-16,Education,21.0,Expense
2018-04-16,Utilities,35.0,Expense
2018-04-17,Food,72.0,Expense
2018-04-18,Utilities,60.0,Expense
2018-04-19,Household,14.0,Expense
2018-04-19,Food,36.0,Expense
2018-04-19,Food,72.0,Expense
2018-04-20,Food,24.22,Expense
2018-04-20,Food,70.0,Expense
2018-04-21,Food,4.32,Expense
2018-04-21,Food,20.0,Expense
2018-04-21,Food,160.0,Expense
2018-04-21,Food,35.15,Expense
2018-04-22,Food,21.32,Expense
2018-04-22,Food,72.0,Expense
2018-04-22,Household,190.0,Expense
2018-04-22,Food,10.0,Expense
2018-04-23,Household,42.7,Expense
2018-04-23,Household,500.0,Expense
2018-04-23,Household,38.0,Expense
2018-04-24,Subscriptions,157.0,Expense
2018-04-24,Household,224.7,Expense
2018-04-24,Shopping,41.34,Expense
2018-04-25,Household,210.79,Expense
2018-04-25,Food,70.0,Expense
2018-04-25,Utilities,74.99,Expense
2018-04-26,Food,72.0,Expense
2018-04-26,Household,1000.0,Expense
2018-04-26,Food,30.0,Expense
2018-04-27,Household,295.0,Expense
2018-04-27,Salary,2000.0,Income
2018-04-28,Food,413.0,Expense
2018-04-28,Household,500.0,Expense
2018-04-28,Food,22.98,Expense
2018-04-29,Household,68.47,Expense
2018-04-29,Food,40.0,Expense
2018-04-29,Salary,65134.0,Income
2018-04-29,Food,51.05,Expense
2018-04-29,Transportation,39.0,Expense
2018-04-30,Household,165.0,Expense
2018-04-30,Subscriptions,176.0,Expense
2018-04-30,Other,500.0,Expense
2018-04-30,Food,45.0,Expense
2018-04-30,Food,72.0,Expense
2018-04-30,Food,5.09,Expense
2018-04-30,Food,72.0,Expense
2018-05-01,Food,72.0,Expense
2018-05-01,Health,122.0,Expense
2018-05-01,Health,43.0,Expense
2018-05-01,Shopping,13.13,Expense
2018-05-01,Household,260.0,Expense
2018-05-02,Rent,1247.44,Expense
2018-05-02,Food,280.0,Expense
2018-05-03,Food,40.0,Expense
2018-05-03,Shopping,49.72,Expense
2018-05-04,Entertainment,11.76,Expense
2018-05-04,Food,42.23,Expense
2018-05-04,Food,72.0,Expense
2018-05-04,Household,37.0,Expense
2018-05-05,Food,7.27,Expense
2018-05-05,Food,20.52,Expense
2018-05-05,Household,600.0,Expense
2018-05-06,Shopping,117.69,Expense
2018-05-06,Other,3000.0,Income
2018-05-06,Household,22.37,Expense
2018-05-07,Transportation,20.0,Expense
2018-05-07,Food,430.0,Expense
2018-05-07,Food,72.0,Expense
2018-05-07,Household,1086.0,Expense
2018-05-07,Subscriptions,515.0,Expense
2018-05-08,Food,500.0,Expense
2018-05-08,Shopping,50.0,Expense
2018-05-08,Food,72.0,Expense
2018-05-09,Entertainment,10.69,Expense
2018-05-09,Utilities,30.0,Expense
2018-05-09,Subscriptions,12.0,Expense
2018-05-09,Food,45.0,Expense
2018-05-09,Food,36.0,Expense
2018-05-09,Subscriptions,199.0,Expense
2018-05-10,Food,80.0,Expense
2018-05-10,Other,947.0,Income
2018-05-10,Utilities,111.18,Expense
2018-05-11,Food,57.32,Expense
2018-05-11,Salary,2000.0,Income
2018-05-11,Household,8000.0,Expense
2018-05-11,Food,20.0,Expense
2018-05-12,Food,78.0,Expense
2018-05-12,Entertainment,27.77,Expense
2018-05-12,Transportation,33.3,Expense
2018-05-12,Food,48.0,Expense
2018-05-12,Food,437.0,Expense
2018-05-12,Food,72.0,Expense
2018-05-12,Food,70.0,Expense
2018-05-13,Other,20.0,Income
2018-05-13,Education,12.0,Expense
2018-05-13,Shopping,77.0,Expense
2018-05-14,Other,21.0,Income
2018-05-14,Food,67.63,Expense
2018-05-14,Subscriptions,301.0,Expense
2018-05-14,Other,40.0,Expense
2018-05-14,Transportation,40.0,Expense
2018-05-14,Food,15.0,Expense
2018-05-14,Transportation,50.0,Expense
2018-05-14,Food,1250.0,Expense
2018-05-14,Transportation,40.0,Expense
2018-05-15,Transportation,50.0,Expense
2018-05-15,Utilities,60.0,Expense
2018-05-15,Household,21500.0,Expense
2018-05-15,Transportation,30.0,Expense
2018-05-15,Food,135.0,Expense
2018-05-17,Shopping,29.0,Expense
2018-05-17,Utilities,35.0,Expense
2018-05-18,Transportation,75.0,Expense
2018-05-18,Shopping,6.41,Expense
2018-05-18,Subscriptions,301.0,Expense
2018-05-19,Subscriptions,15.0,Expense
2018-05-19,Food,31.0,Expense
2018-05-19,Food,23.26,Expense
2018-05-19,Household,25.0,Expense
2018-05-20,Household,122.0,Expense
2018-05-21,Shopping,32.5,Expense
2018-05-21,Food,26.04,Expense
2018-05-21,Household,140.0,Expense
2018-05-22,Health,154.0,Expense
2018-05-23,Subscriptions,166.0,Expense
2018-05-24,Subscriptions,667.0,Expense
2018-05-24,Transportation,39.44,Expense
2018-05-25,Utilities,74.99,Expense
2018-05-25,Salary,2000.0,Income
2018-05-26,Transportation,50.0,Expense
2018-05-27,Household,75.0,Expense
2018-05-28,Shopping,100.0,Expense
2018-05-28,Food,91.03,Expense
2018-05-28,Entertainment,9.62,Expense
2018-05-28,Subscriptions,25.0,Expense
2018-05-29,Entertainment,20.0,Expense
2018-05-29,Entertainment,6.25,Expense
2018-05-31,Salary,65134.0,Income
2018-06-01,Transportation,38.63,Expense
2018-06-01,Food,6.11,Expense
2018-06-01,Shopping,13.13,Expense
2018-06-03,Food,65.81,Expense
2018-06-04,Food,24.12,Expense
2018-06-04,Entertainment,11.76,Expense
2018-06-04,Rent,1247.44,Expense
2018-06-06,Food,4.0,Expense
2018-06-08,Utilities,30.0,Expense
2018-06-08,Salary,2000.0,Income
2018-06-09,Food,16.18,Expense
2018-06-09,Food,9.56,Expense
2018-06-09,Entertainment,10.69,Expense
2018-06-09,Subscriptions,667.0,Expense
2018-06-10,Food,46.01,Expense
2018-06-10,Household,3000.0,Expense
2018-06-11,Education,1407.0,Expense
2018-06-11,Food,84.0,Expense
2018-06-12,Food,12.55,Expense
2018-06-12,Utilities,89.46,Expense
2018-06-14,Food,7.02,Expense
2018-06-15,Subscriptions,15.0,Expense
2018-06-15,Transportation,1213.6,Expense
2018-06-15,Utilities,60.0,Expense
2018-06-16,Food,13.9,Expense
2018-06-16,Food,3.0,Expense
2018-06-16,Food,22.66,Expense
2018-06-18,Utilities,35.0,Expense
2018-06-18,Subscriptions,15.0,Expense
2018-06-19,Food,2.69,Expense
2018-06-19,Transportation,38.52,Expense
2018-06-19,Household,2000.0,Expense
2018-06-19,Subscriptions,25.0,Expense
2018-06-20,Shopping,30.0,Expense
2018-06-20,Transportation,75.0,Expense
2018-06-22,Salary,2000.0,Income
2018-06-22,Subscriptions,181.0,Expense
2018-06-23,Food,8.5,Expense
2018-06-23,Transportation,30.0,Expense
2018-06-23,Shopping,74.97,Expense
2018-06-23,Subscriptions,2545.0,Expense
2018-06-24,Subscriptions,157.0,Expense
2018-06-24,Transportation,30.0,Expense
2018-06-24,Transportation,40.0,Expense
2018-06-24,Food,18.0,Expense
2018-06-24,Food,60.0,Expense
2018-06-24,Health,211.75,Expense
2018-06-24,Food,72.0,Expense
2018-06-25,Household,2074.0,Expense
2018-06-25,Food,320.0,Expense
2018-06-25,Utilities,74.99,Expense
2018-06-26,Food,30.0,Expense
2018-06-26,Household,70.0,Expense
2018-06-26,Transportation,20.0,Expense
2018-06-26,Food,20.0,Expense
2018-06-26,Household,13050.0,Expense
2018-06-26,Household,1990.0,Expense
2018-06-26,Transportation,30.0,Expense
2018-06-26,Food,9.62,Expense
2018-06-27,Transportation,30.0,Expense
2018-06-27,Transportation,25.0,Expense
2018-06-27,Other,4720.0,Expense
2018-06-27,Shopping,450.0,Expense
2018-06-27,Household,100.0,Expense
2018-06-27,Shopping,550.0,Expense
2018-06-27,Food,14.0,Expense
2018-06-27,Other,3000.0,Income
2018-06-27,Travel,308.85,Expense
2018-06-27,Transportation,80.0,Expense
2018-06-27,Food,3.5,Expense
2018-06-27,Food,22.66,Expense
2018-06-27,Household,100.0,Expense
2018-06-28,Food,7.57,Expense
2018-06-28,Food,70.0,Expense
2018-06-28,Food,455.0,Expense
2018-06-28,Shopping,64.82,Expense
2018-06-28,Transportation,228.0,Expense
2018-06-29,Household,70.0,Expense
2018-06-29,Household,270.0,Expense
2018-06-29,Household,50.0,Expense
2018-06-30,Salary,65122.0,Income
2018-06-30,Household,1200.0,Expense
2018-07-01,Food,72.0,Expense
2018-07-01,Shopping,98.0,Expense
2018-07-01,Shopping,430.0,Expense
2018-07-01,Food,15.0,Expense
2018-07-01,Entertainment,461.0,Expense
2018-07-01,Transportation,1890.0,Expense
2018-07-01,Shopping,13.13,Expense
2018-07-02,Entertainment,25.0,Expense
2018-07-02,Rent,1247.44,Expense
2018-07-02,Food,36.44,Expense
2018-07-02,Transportation,50.0,Expense
2018-07-02,Household,1595.0,Expense
2018-07-02,Transportation,20.0,Expense
2018-07-02,Transportation,26.0,Expense
2018-07-02,Transportation,40.0,Expense
2018-07-02,Household,626.0,Expense
2018-07-03,Food,36.0,Expense
2018-07-03,Household,500.0,Expense
2018-07-03,Subscriptions,154.0,Expense
2018-07-04,Health,1440.0,Expense
2018-07-04,Shopping,50.0,Expense
2018-07-04,Health,100.0,Expense
2018-07-04,Household,350.0,Expense
2018-07-04,Entertainment,11.76,Expense
2018-07-04,Transportation,34.48,Expense
2018-07-05,Transportation,20.0,Expense
2018-07-05,Transportation,15.0,Expense
2018-07-05,Food,7.0,Expense
2018-07-05,Transportation,83.0,Expense
2018-07-05,Shopping,212.32,Expense
2018-07-05,Food,44.25,Expense
2018-07-06,Entertainment,6.41,Expense
2018-07-06,Food,760.0,Expense
2018-07-06,Transportation,100.0,Expense
2018-07-06,Salary,2000.0,Income
2018-07-07,Transportation,10.0,Expense
2018-07-07,Subscriptions,196.0,Expense
2018-07-07,Food,2.0,Expense
2018-07-08,Transportation,130.0,Expense
2018-07-08,Transportation,675.0,Expense
2018-07-08,Health,500.0,Expense
2018-07-08,Health,153.0,Expense
2018-07-08,Food,30.0,Expense
2018-07-08,Transportation,185.0,Expense
2018-07-09,Entertainment,10.69,Expense
2018-07-09,Food,20.0,Expense
2018-07-09,Transportation,360.0,Expense
2018-07-09,Food,60.0,Expense
2018-07-10,Food,5.39,Expense
2018-07-10,Utilities,30.0,Expense
2018-07-11,Food,57.0,Expense
2018-07-11,Utilities,89.46,Expense
2018-07-12,Food,35.0,Expense
2018-07-13,Transportation,188.0,Expense
2018-07-13,Health,1358.0,Expense
2018-07-14,Transportation,33.51,Expense
2018-07-14,Other,2000.0,Expense
2018-07-15,Transportation,36.24,Expense
2018-07-15,Food,30.0,Expense
2018-07-15,Food,500.0,Expense
2018-07-15,Food,48.0,Expense
2018-07-16,Shopping,84.0,Expense
2018-07-16,Food,84.0,Expense
2018-07-16,Household,1190.0,Expense
2018-07-17,Utilities,60.0,Expense
2018-07-17,Food,15.23,Expense
2018-07-17,Utilities,35.0,Expense
2018-07-18,Transportation,75.0,Expense
2018-07-18,Food,216.0,Expense
2018-07-18,Entertainment,28.54,Expense
2018-07-19,Food,40.0,Expense
2018-07-20,Health,87.0,Expense
2018-07-20,Transportation,155.0,Expense
2018-07-20,Food,25.0,Expense
2018-07-20,Food,25.0,Expense
2018-07-20,Salary,2000.0,Income
2018-07-20,Health,1048.0,Expense
2018-07-20,Food,20.0,Expense
2018-07-21,Shopping,30.0,Expense
2018-07-21,Food,28.93,Expense
2018-07-21,Food,45.0,Expense
2018-07-21,Food,60.0,Expense
2018-07-21,Food,30.0,Expense
2018-07-21,Household,368.0,Expense
2018-07-23,Food,100.0,Expense
2018-07-23,Food,9.58,Expense
2018-07-23,Subscriptions,154.0,Expense
2018-07-24,Food,26.59,Expense
2018-07-25,Utilities,74.99,Expense
2018-07-26,Other,6780.0,Income
2018-07-26,Food,40.0,Expense
2018-07-26,Transportation,33.67,Expense
2018-07-27,Other,826.0,Expense
2018-07-28,Household,3750.0,Expense
2018-07-28,Food,195.0,Expense
2018-07-28,Entertainment,481.36,Expense
2018-07-28,Household,200.0,Expense
2018-07-28,Food,7.61,Expense
2018-07-29,Transportation,40.0,Expense
2018-07-29,Transportation,15.0,Expense
2018-07-29,Transportation,50.0,Expense
2018-07-29,Food,105.0,Expense
2018-07-29,Food,260.0,Expense
2018-07-30,Health,100.0,Expense
2018-07-30,Health,132.0,Expense
2018-07-30,Food,212.0,Expense
2018-07-30,Food,25.0,Expense
2018-07-30,Food,34.38,Expense
2018-07-31,Entertainment,6.6,Expense
2018-07-31,Shopping,91.0,Expense
2018-07-31,Household,2000.0,Expense
2018-07-31,Food,10.0,Expense
2018-07-31,Salary,70255.0,Income
2018-08-01,Shopping,13.13,Expense
2018-08-01,Household,40.0,Expense
2018-08-02,Transportation,40.44,Expense
2018-08-02,Household,18.0,Expense
2018-08-02,Health,1000.0,Expense
2018-08-02,Food,216.0,Expense
2018-08-02,Rent,1247.44,Expense
2018-08-03,Household,2000.0,Expense
2018-08-03,Other,100.0,Income
2018-08-03,Salary,2000.0,Income
2018-08-03,Food,6.27,Expense
2018-08-04,Entertainment,11.76,Expense
2018-08-05,Household,398.0,Expense
2018-08-05,Health,4300.0,Expense
2018-08-05,Shopping,3410.0,Expense
2018-08-05,Food,10.0,Expense
2018-08-05,Household,100.0,Expense
2018-08-05,Transportation,20.0,Expense
2018-08-05,Transportation,15.0,Expense
2018-08-06,Shopping,76.47,Expense
2018-08-06,Shopping,100.0,Expense
2018-08-09,Entertainment,10.69,Expense
2018-08-09,Utilities,30.0,Expense
2018-08-10,Household,35.0,Expense
2018-08-10,Utilities,89.4,Expense
2018-08-11,Transportation,33.66,Expense
2018-08-11,Food,13.67,Expense
2018-08-11,Food,96.0,Expense
2018-08-13,Household,100.0,Expense
2018-08-13,Food,45.0,Expense
2018-08-13,Household,220.0,Expense
2018-08-13,Food,10.0,Expense
2018-08-13,Household,594.0,Expense
2018-08-13,Food,20.0,Expense
2018-08-14,Food,115.0,Expense
2018-08-14,Shopping,56.0,Expense
2018-08-14,Household,160.0,Expense
2018-08-14,Food,32.0,Expense
2018-08-14,Household,30.0,Expense
2018-08-15,Food,290.0,Expense
2018-08-15,Transportation,41.07,Expense
2018-08-15,Food,5.64,Expense
2018-08-15,Utilities,60.0,Expense
2018-08-15,Food,216.0,Expense
2018-08-16,Subscriptions,157.0,Expense
2018-08-16,Utilities,35.0,Expense
2018-08-17,Food,36.0,Expense
2018-08-17,Food,20.0,Expense
2018-08-17,Salary,2000.0,Income
2018-08-17,Shopping,14.98,Expense
2018-08-18,Shopping,23.47,Expense
2018-08-19,Subscriptions,199.0,Expense
2018-08-20,Transportation,75.0,Expense
2018-08-21,Food,36.0,Expense
2018-08-21,Food,12.0,Expense
2018-08-22,Food,37.0,Expense
2018-08-23,Transportation,1305.4,Expense
2018-08-23,Transportation,1205.4,Expense
2018-08-23,Food,60.0,Expense
2018-08-24,Food,42.31,Expense
2018-08-24,Food,1120.0,Expense
2018-08-24,Food,36.0,Expense
2018-08-24,Entertainment,1000.0,Expense
2018-08-24,Other,1000.0,Income
2018-08-24,Food,20.0,Expense
2018-08-25,Shopping,91.0,Expense
2018-08-27,Utilities,74.99,Expense
2018-08-27,Food,20.0,Expense
2018-08-27,Food,60.0,Expense
2018-08-27,Food,45.0,Expense
2018-08-27,Food,36.0,Expense
2018-08-29,Food,15.0,Expense
2018-08-29,Food,27.0,Expense
2018-08-29,Food,36.0,Expense
2018-08-30,Food,78.0,Expense
2018-08-30,Transportation,35.65,Expense
2018-08-30,Household,343.0,Expense
2018-08-31,Food,11.64,Expense
2018-08-31,Salary,2000.0,Income
2018-08-31,Other,118.0,Expense
2018-08-31,Household,1000.0,Expense
2018-08-31,Food,36.0,Expense
2018-08-31,Salary,70255.0,Income
2018-08-31,Food,510.85,Expense
2018-09-01,Shopping,13.13,Expense
2018-09-01,Entertainment,47.4,Expense
2018-09-02,Shopping,109.83,Expense
2018-09-03,Household,2000.0,Expense
2018-09-04,Entertainment,11.76,Expense
2018-09-04,Rent,1247.44,Expense
2018-09-05,Food,36.0,Expense
2018-09-05,Food,24.0,Expense
2018-09-05,Food,40.0,Expense
2018-09-05,Food,30.0,Expense
2018-09-05,Shopping,77.0,Expense
2018-09-05,Food,18.0,Expense
2018-09-06,Food,55.0,Expense
2018-09-07,Utilities,30.0,Expense
2018-09-07,Food,37.0,Expense
2018-09-08,Household,40.0,Expense
2018-09-09,Entertainment,18.0,Expense
2018-09-09,Entertainment,10.69,Expense
2018-09-10,Food,36.0,Expense
2018-09-11,Food,650.0,Expense
2018-09-11,Other,3500.0,Income
2018-09-11,Transportation,38.86,Expense
2018-09-11,Food,7.87,Expense
2018-09-11,Food,36.0,Expense
2018-09-12,Subscriptions,667.0,Expense
2018-09-12,Utilities,89.4,Expense
2018-09-12,Food,47.16,Expense
2018-09-13,Food,5.64,Expense
2018-09-13,Other,83.0,Expense
2018-09-13,Transportation,40.0,Expense
2018-09-13,Food,46.0,Expense
2018-09-14,Salary,2000.0,Income
2018-09-14,Transportation,50.0,Expense
2018-09-15,Subscriptions,200.0,Expense
2018-09-16,Entertainment,251.0,Expense
2018-09-17,Subscriptions,19.0,Expense
2018-09-17,Utilities,35.0,Expense
2018-09-17,Food,10.17,Expense
2018-09-17,Food,8.8,Expense
2018-09-18,Utilities,60.0,Expense
2018-09-18,Food,4.32,Expense
2018-09-19,Transportation,75.0,Expense
2018-09-19,Shopping,30.0,Expense
2018-09-19,Subscriptions,199.0,Expense
2018-09-20,Shopping,47.38,Expense
2018-09-20,Food,60.0,Expense
2018-09-20,Transportation,30.0,Expense
2018-09-22,Household,69.4,Expense
2018-09-22,Household,6.83,Expense
2018-09-25,Utilities,74.99,Expense
2018-09-25,Food,48.64,Expense
2018-09-26,Food,5.0,Expense
2018-09-26,Transportation,38.0,Expense
2018-09-27,Transportation,40.71,Expense
2018-09-28,Salary,2000.0,Income
2018-09-28,Food,13.36,Expense
2018-09-29,Food,23.26,Expense
2018-09-29,Food,46.7,Expense
2018-10-01,Food,15.66,Expense
2018-10-01,Shopping,13.13,Expense
2018-10-01,Food,3.0,Expense
2018-10-02,Rent,1209.18,Expense
2018-10-04,Entertainment,11.76,Expense
2018-10-06,Food,27.0,Expense
2018-10-08,Household,80.65,Expense
2018-10-08,Household,31.2,Expense
2018-10-08,Transportation,38.06,Expense
2018-10-09,Entertainment,10.69,Expense
2018-10-09,Shopping,19.98,Expense
2018-10-09,Utilities,30.0,Expense
2018-10-10,Food,53.68,Expense
2018-10-11,Utilities,89.4,Expense
2018-10-12,Salary,2000.0,Income
2018-10-16,Utilities,60.0,Expense
2018-10-17,Utilities,35.0,Expense
2018-10-18,Food,8.0,Expense
2018-10-18,Household,45.24,Expense
2018-10-18,Transportation,75.0,Expense
2018-10-18,Food,33.55,Expense
2018-10-22,Transportation,34.66,Expense
2018-10-23,Food,7.57,Expense
2018-10-25,Utilities,74.99,Expense
2018-10-25,Shopping,29.98,Expense
2018-10-26,Salary,2000.0,Income
2018-10-27,Food,25.4,Expense
2018-10-28,Food,92.49,Expense
2018-10-28,Food,54.0,Expense
2018-10-28,Food,14.75,Expense
2018-10-28,Entertainment,12.71,Expense
2018-10-31,Food,5.64,Expense
2018-11-01,Shopping,13.13,Expense
2018-11-02,Rent,1209.18,Expense
2018-11-03,Food,23.66,Expense
2018-11-04,Entertainment,11.76,Expense
2018-11-05,Transportation,36.51,Expense
2018-11-06,Utilities,30.0,Expense
2018-11-06,Shopping,53.95,Expense
2018-11-08,Food,5.64,Expense
2018-11-09,Salary,2000.0,Income
2018-11-09,Entertainment,10.69,Expense
2018-11-10,Food,14.19,Expense
2018-11-10,Entertainment,27.0,Expense
2018-11-10,Food,24.4,Expense
2018-11-12,Food,22.33,Expense
2018-11-12,Food,10.18,Expense
2018-11-13,Food,4.8,Expense
2018-11-13,Food,37.43,Expense
2018-11-13,Food,10.15,Expense
2018-11-13,Utilities,89.54,Expense
2018-11-14,Utilities,60.0,Expense
2018-11-16,Utilities,35.0,Expense
2018-11-17,Entertainment,22.8,Expense
2018-11-17,Household,15.47,Expense
2018-11-17,Household,6.4,Expense
2018-11-17,Food,23.26,Expense
2018-11-19,Household,10.02,Expense
2018-11-19,Entertainment,20.0,Expense
2018-11-19,Transportation,29.15,Expense
2018-11-20,Transportation,75.0,Expense
2018-11-21,Household,37.41,Expense
2018-11-21,Food,5.64,Expense
2018-11-23,Salary,2000.0,Income
2018-11-26,Entertainment,16.8,Expense
2018-11-26,Utilities,74.99,Expense
2018-11-27,Entertainment,17.0,Expense
2018-11-27,Food,28.4,Expense
2018-11-30,Food,6.27,Expense
2018-12-01,Food,8.0,Expense
2018-12-01,Shopping,13.13,Expense
2018-12-01,Food,5.64,Expense
2018-12-03,Food,148.15,Expense
2018-12-03,Rent,1209.18,Expense
2018-12-03,Transportation,30.03,Expense
2018-12-04,Food,3.0,Expense
2018-12-04,Food,20.65,Expense
2018-12-04,Entertainment,11.76,Expense
2018-12-06,Utilities,40.0,Expense
2018-12-06,Food,21.38,Expense
2018-12-06,Food,13.48,Expense
2018-12-07,Salary,2000.0,Income
2018-12-07,Shopping,30.0,Expense
2018-12-08,Food,12.64,Expense
2018-12-09,Entertainment,10.69,Expense
2018-12-11,Food,10.29,Expense
2018-12-12,Utilities,89.54,Expense
2018-12-13,Food,27.0,Expense
2018-12-14,Food,21.39,Expense
2018-12-14,Household,17.1,Expense
2018-12-14,Utilities,60.0,Expense
2018-12-17,Utilities,35.0,Expense
2018-12-17,Transportation,20.01,Expense
2018-12-17,Food,63.0,Expense
2018-12-18,Shopping,49.99,Expense
2018-12-18,Shopping,41.72,Expense
2018-12-18,Food,3.0,Expense
2018-12-18,Food,56.52,Expense
2018-12-18,Shopping,24.3,Expense
2018-12-19,Shopping,43.01,Expense
2018-12-19,Transportation,75.0,Expense
2018-12-20,Transportation,30.38,Expense
2018-12-21,Salary,2000.0,Income
2018-12-22,Food,21.38,Expense
2018-12-22,Household,22.14,Expense
2018-12-23,Household,28.0,Expense
2018-12-24,Household,38.4,Expense
2018-12-26,Food,56.07,Expense
2018-12-26,Transportation,32.47,Expense
2018-12-26,Transportation,7.48,Expense
2018-12-26,Utilities,75.99,Expense
2018-12-26,Shopping,44.99,Expense
2018-12-28,Entertainment,12.0,Expense
2018-12-29,Food,55.04,Expense
2018-12-29,Entertainment,14.0,Expense
2019-01-01,Shopping,13.09,Expense
2019-01-03,Rent,1100.0,Expense
2019-01-03,Shopping,42.1,Expense
2019-01-04,Salary,2000.0,Income
2019-01-05,Food,23.49,Expense
2019-01-08,Utilities,45.0,Expense
2019-01-09,Entertainment,10.69,Expense
2019-01-10,Utilities,65.0,Expense
2019-01-10,Food,58.79,Expense
2019-01-10,Shopping,30.0,Expense
2019-01-14,Transportation,28.92,Expense
2019-01-15,Food,6.06,Expense
2019-01-16,Utilities,60.0,Expense
2019-01-16,Utilities,35.0,Expense
2019-01-18,Transportation,75.0,Expense
2019-01-18,Salary,2000.0,Income
2019-01-24,Shopping,11.7,Expense
2019-01-24,Shopping,4.21,Expense
2019-01-24,Food,21.06,Expense
2019-01-25,Utilities,75.0,Expense
2019-01-31,Transportation,31.32,Expense
2019-02-01,Salary,2000.0,Income
2019-02-01,Food,9.47,Expense
2019-02-01,Shopping,13.09,Expense
2019-02-04,Entertainment,11.76,Expense
2019-02-04,Household,86.97,Expense
2019-02-05,Rent,1100.0,Expense
2019-02-07,Utilities,65.0,Expense
2019-02-08,Food,27.47,Expense
2019-02-08,Food,3.0,Expense
2019-02-09,Entertainment,10.69,Expense
2019-02-11,Food,3.0,Expense
2019-02-11,Transportation,24.01,Expense
2019-02-12,Food,30.54,Expense
2019-02-12,Utilities,65.0,Expense
2019-02-13,Food,8.21,Expense
2019-02-15,Salary,2000.0,Income
2019-02-15,Utilities,60.0,Expense
2019-02-15,Food,4.59,Expense
2019-02-16,Food,32.75,Expense
2019-02-16,Entertainment,8.0,Expense
2019-02-16,Shopping,37.45,Expense
2019-02-19,Utilities,35.0,Expense
2019-02-20,Transportation,75.0,Expense
2019-02-20,Shopping,30.0,Expense
2019-02-21,Food,46.96,Expense
2019-02-25,Utilities,75.0,Expense
2019-02-25,Transportation,33.8,Expense
2019-02-27,Food,25.77,Expense
2019-02-28,Food,32.07,Expense
2019-03-01,Salary,2000.0,Income
2019-03-01,Shopping,13.09,Expense
2019-03-04,Entertainment,11.76,Expense
2019-03-04,Food,92.04,Expense
2019-03-04,Rent,1100.0,Expense
2019-03-05,Food,7.0,Expense
2019-03-08,Shopping,27.17,Expense
2019-03-08,Utilities,49.0,Expense
2019-03-08,Transportation,34.08,Expense
2019-03-09,Entertainment,10.69,Expense
2019-03-12,Utilities,65.0,Expense
2019-03-12,Food,3.02,Expense
2019-03-14,Food,8.0,Expense
2019-03-15,Salary,2000.0,Income
2019-03-15,Utilities,60.0,Expense
2019-03-18,Food,16.23,Expense
2019-03-18,Shopping,320.99,Expense
2019-03-19,Utilities,35.0,Expense
2019-03-19,Shopping,13.84,Expense
2019-03-20,Transportation,75.0,Expense
2019-03-22,Transportation,37.51,Expense
2019-03-23,Food,5.2,Expense
2019-03-25,Utilities,75.0,Expense
2019-03-26,Shopping,16.04,Expense
2019-03-27,Entertainment,49.63,Expense
2019-03-27,Food,4.46,Expense
2019-03-29,Salary,2000.0,Income
2019-03-30,Food,12.84,Expense
2019-04-01,Shopping,13.09,Expense
2019-04-02,Rent,1100.0,Expense
2019-04-04,Food,5.64,Expense
2019-04-04,Shopping,35.9,Expense
2019-04-04,Entertainment,11.76,Expense
2019-04-06,Shopping,27.54,Expense
2019-04-08,Utilities,30.0,Expense
2019-04-09,Shopping,30.0,Expense
2019-04-09,Food,10.7,Expense
2019-04-09,Entertainment,10.69,Expense
2019-04-10,Utilities,65.0,Expense
2019-04-12,Food,41.34,Expense
2019-04-12,Shopping,44.93,Expense
2019-04-12,Salary,2000.0,Income
2019-04-13,Food,16.87,Expense
2019-04-13,Food,20.64,Expense
2019-04-13,Transportation,38.94,Expense
2019-04-15,Utilities,60.0,Expense
2019-04-16,Utilities,35.0,Expense
2019-04-18,Transportation,75.0,Expense
2019-04-19,Food,10.89,Expense
2019-04-22,Food,64.52,Expense
2019-04-22,Entertainment,14.4,Expense
2019-04-23,Household,29.56,Expense
2019-04-25,Utilities,75.0,Expense
2019-04-26,Salary,2000.0,Income
2019-04-27,Entertainment,40.0,Expense
2019-04-27,Food,14.74,Expense
2019-04-29,Food,5.64,Expense
2019-04-30,Transportation,39.08,Expense
2019-05-01,Shopping,13.09,Expense
2019-05-02,Rent,1100.0,Expense
2019-05-04,Entertainment,13.9,Expense
2019-05-06,Shopping,16.94,Expense
2019-05-07,Shopping,38.56,Expense
2019-05-09,Shopping,331.69,Expense
2019-05-09,Entertainment,10.69,Expense
2019-05-09,Shopping,3.2,Expense
2019-05-09,Utilities,30.0,Expense
2019-05-10,Shopping,21.39,Expense
2019-05-10,Utilities,65.0,Expense
2019-05-10,Salary,2000.0,Income
2019-05-13,Transportation,35.24,Expense
2019-05-13,Food,98.19,Expense
2019-05-13,Food,23.11,Expense
2019-05-14,Food,2.02,Expense
2019-05-15,Utilities,60.0,Expense
2019-05-17,Utilities,35.0,Expense
2019-05-20,Transportation,75.0,Expense
2019-05-20,Food,32.53,Expense
2019-05-24,Household,27.96,Expense
2019-05-24,Salary,2000.0,Income
2019-05-24,Food,8.0,Expense
2019-05-25,Household,30.99,Expense
2019-05-25,Transportation,36.76,Expense
2019-05-27,Food,34.33,Expense
2019-05-30,Food,34.82,Expense
2019-05-30,Utilities,75.0,Expense
2019-06-01,Shopping,13.09,Expense
2019-06-03,Food,2.75,Expense
2019-06-03,Rent,1100.0,Expense
2019-06-04,Shopping,30.0,Expense
2019-06-04,Entertainment,13.9,Expense
2019-06-05,Food,23.24,Expense
2019-06-05,Food,23.0,Expense
2019-06-06,Food,3.75,Expense
2019-06-06,Food,5.64,Expense
2019-06-07,Salary,2000.0,Income
2019-06-07,Utilities,30.0,Expense
2019-06-09,Entertainment,10.69,Expense
2019-06-12,Utilities,65.0,Expense
2019-06-14,Food,10.69,Expense
2019-06-15,Transportation,33.16,Expense
2019-06-17,Utilities,60.0,Expense
2019-06-17,Utilities,35.0,Expense
2019-06-18,Entertainment,15.0,Expense
2019-06-18,Transportation,41.83,Expense
2019-06-19,Transportation,75.0,Expense
2019-06-20,Household,9200.0,Expense
2019-06-21,Salary,2000.0,Income
2019-06-24,Entertainment,15.0,Expense
2019-06-28,Transportation,30.64,Expense
2019-06-30,Utilities,75.0,Expense
2019-07-01,Food,24.97,Expense
2019-07-01,Food,7.0,Expense
2019-07-01,Shopping,13.09,Expense
2019-07-01,Food,99.47,Expense
2019-07-01,Food,24.0,Expense
2019-07-02,Household,229.9,Expense
2019-07-02,Rent,1100.0,Expense
2019-07-04,Entertainment,13.9,Expense
2019-07-05,Entertainment,19.0,Expense
2019-07-05,Salary,2250.0,Income
2019-07-06,Food,92.98,Expense
2019-07-06,Food,23.26,Expense
2019-07-07,Household,103.14,Expense
2019-07-09,Entertainment,10.69,Expense
2019-07-10,Utilities,30.0,Expense
2019-07-10,Utilities,65.0,Expense
2019-07-15,Food,87.14,Expense
2019-07-16,Shopping,89.99,Expense
2019-07-16,Utilities,60.0,Expense
2019-07-17,Utilities,35.0,Expense
2019-07-18,Food,8.82,Expense
2019-07-18,Food,29.83,Expense
2019-07-18,Transportation,75.0,Expense
2019-07-18,Transportation,36.42,Expense
2019-07-19,Salary,2250.0,Income
2019-07-19,Food,28.0,Expense
2019-07-22,Food,26.67,Expense
2019-07-24,Food,2.5,Expense
2019-07-27,Shopping,30.0,Expense
2019-07-28,Household,44.31,Expense
2019-07-29,Food,44.92,Expense
2019-07-29,Food,5.35,Expense
2019-07-30,Utilities,75.0,Expense
2019-07-30,Food,15.77,Expense
2019-08-01,Shopping,13.09,Expense
2019-08-02,Rent,1100.0,Expense
2019-08-02,Salary,2250.0,Income
2019-08-03,Transportation,36.36,Expense
2019-08-03,Food,3.96,Expense
2019-08-03,Food,23.47,Expense
2019-08-04,Entertainment,13.9,Expense
2019-08-05,Entertainment,18.0,Expense
2019-08-06,Household,125.0,Expense
2019-08-08,Food,11.72,Expense
2019-08-09,Entertainment,10.69,Expense
2019-08-09,Utilities,30.0,Expense
2019-08-12,Utilities,65.0,Expense
2019-08-12,Food,26.67,Expense
2019-08-14,Food,2.75,Expense
2019-08-15,Utilities,60.0,Expense
2019-08-16,Salary,2250.0,Income
2019-08-16,Utilities,35.0,Expense
2019-08-17,Food,3.5,Expense
2019-08-17,Shopping,19.0,Expense
2019-08-17,Food,33.15,Expense
2019-08-20,Food,2.75,Expense
2019-08-20,Transportation,75.0,Expense
2019-08-21,Transportation,34.69,Expense
2019-08-23,Food,2.75,Expense
2019-08-25,Food,39.43,Expense
2019-08-26,Household,66.75,Expense
2019-08-29,Food,3.0,Expense
2019-08-30,Utilities,75.0,Expense
2019-08-30,Salary,2250.0,Income
2019-08-30,Food,2.75,Expense
2019-08-31,Household,68.04,Expense
2019-08-31,Food,41.78,Expense
2019-09-01,Shopping,13.09,Expense
2019-09-03,Food,41.24,Expense
2019-09-03,Rent,1100.0,Expense
2019-09-04,Entertainment,13.9,Expense
2019-09-05,Food,3.75,Expense
2019-09-07,Entertainment,12.87,Expense
2019-09-08,Entertainment,19.3,Expense
2019-09-09,Utilities,30.0,Expense
2019-09-09,Entertainment,10.69,Expense
2019-09-09,Transportation,28.77,Expense
2019-09-09,Food,65.09,Expense
2019-09-09,Household,26.25,Expense
2019-09-11,Utilities,65.0,Expense
2019-09-13,Food,2.75,Expense
2019-09-13,Salary,2250.0,Income
2019-09-14,Food,46.44,Expense
2019-09-15,Shopping,47.66,Expense
2019-09-16,Utilities,35.0,Expense
2019-09-17,Utilities,60.0,Expense
2019-09-18,Transportation,75.0,Expense
2019-09-19,Entertainment,40.81,Expense
2019-09-19,Food,2.75,Expense
2019-09-22,Food,131.1,Expense
2019-09-23,Food,27.71,Expense
2019-09-23,Shopping,24.63,Expense
2019-09-27,Salary,2250.0,Income
2019-09-28,Transportation,33.46,Expense
2019-09-28,Transportation,4.27,Expense
2019-09-30,Food,1.75,Expense
2019-09-30,Utilities,75.0,Expense
